,formula,error_str,str_ind,chgnet_ehull,corrected_chgnet_ehull
0,Tb1 Er3 Al4 O12,No valid decomposition found for PDEntry : Tb1 Er3 Al4 O12 with energy = -167.8900! (e_h: -0.0033760865529419704),0,0.0,-0.0033760865529419704
1,Ti4 Al26 W2,no_error,1,0.027168026992252514,0.027168026992252514
2,Al11 Pd3 W1,no_error,2,0.05484151840209783,0.05484151840209783
3,Li2 Ti6 O16,no_error,3,0.15870916843414307,0.15870916843414307
4,Nd4 Ag4 Sn4,no_error,4,0.1864600181579581,0.1864600181579581
5,Li1 Mn5 F14,no_error,5,0.04747382799784461,0.04747382799784461
6,Gd4,No valid decomposition found for PDEntry : Gd4 with energy = -56.1884! (e_h: -0.0018873214721679688),6,0.0,-0.0018873214721679688
7,Tm3 Al3 Pd3,No valid decomposition found for PDEntry : Tm3 Al3 Pd3 with energy = -48.1995! (e_h: -0.006911277770996094),7,0.0,-0.006911277770996094
8,Fe1 H4 Pb2 N5,no_error,8,0.38774980439080053,0.38774980439080053
9,La2 Cu6,no_error,9,0.014256954193115234,0.014256954193115234
10,Gd3 Bi3,No valid decomposition found for PDEntry : Gd3 Bi3 with energy = -59.2792! (e_h: -8.201599121271386e-05),10,0.0,-8.201599121271386
11,Li5 Mn2 Ni1 O8,No valid decomposition found for PDEntry : Li5 Mn2 Ni1 O8 with energy = -104.7691! (e_h: -0.009819507598876953),11,0.0,-0.009819507598876953
12,Sr18 Hg2,no_error,12,0.07894442081451425,0.07894442081451425
13,Ca2 Ge3 O9,no_error,13,0.16988784926278022,0.16988784926278022
14,Ce1 Co4 Cu1,no_error,14,0.04619311332702569,0.04619311332702569
15,K4 As3 Pd2 O11,no_error,15,0.1337463378906314,0.1337463378906314
16,Tm8,no_error,16,0.0001010894775390625,0.0001010894775390625
17,Ba5 In2 Cu1 Ag1 Sb1 Te7 O3,no_error,17,0.06060469638218091,0.06060469638218091
18,Li2 Y2 Er2 Sn2,no_error,18,0.06045842170715332,0.06045842170715332
19,Au4 Se4 O1,no_error,19,0.14059783352745914,0.14059783352745914
20,Sm7 Er1,no_error,20,0.0017760396003723145,0.0017760396003723145
21,Zr1 U5 S14,no_error,21,0.027096980065106635,0.027096980065106635
22,Tm1 Ga3,no_error,22,0.028774499893188477,0.028774499893188477
23,K4 Si4 Pd2,No valid decomposition found for PDEntry : K4 Si4 Pd2 with energy = -38.7141! (e_h: -0.01014178991317749),23,0.0,-0.01014178991317749
24,Ce2 Al4 Fe2 Ni4,no_error,24,0.01623001098632848,0.01623001098632848
25,Hf2 H2 I2,no_error,25,0.0041544702317981574,0.0041544702317981574
26,Tl2 B2 O7 F1,no_error,26,0.23673902750015152,0.23673902750015152
27,K2 Tl2 F6,no_error,27,0.08071098327636683,0.08071098327636683
28,K2 Lu1 Tl1 Cl4,no_error,28,0.2292726437250776,0.2292726437250776
29,Mg8,No valid decomposition found for PDEntry : Mg8 with energy = -12.7704! (e_h: -0.0011203289031984642),29,0.0,-0.0011203289031984642
30,Li1 Mn1 Cu2 Pb1 Se4,No valid decomposition found for PDEntry : Li1 Mn1 Cu2 Pb1 Se4 with energy = -42.7677! (e_h: -0.003988360527549695),30,0.0,-0.003988360527549695
31,K4 C3 O9,no_error,31,0.11342555284500122,0.11342555284500122
32,Rb2 Ti2 S4,No valid decomposition found for PDEntry : Rb2 Ti2 S4 with energy = -46.6093! (e_h: -0.007350921630859375),32,0.0,-0.007350921630859375
33,Ti2 O4,no_error,33,0.02262687683105291,0.02262687683105291
34,K1 Mg1 Mn2 Co2 O10,no_error,34,0.10233088955283165,0.10233088955283165
35,Mn2 Ni4 As2,no_error,35,0.09065570831298597,0.09065570831298597
36,Ca2 Si2 Ru2,No valid decomposition found for PDEntry : Ca2 Si2 Ru2 with energy = -37.1153! (e_h: -0.1894097328186053),36,0.0,-0.1894097328186053
37,Ti4 Ge4 Pt8,No valid decomposition found for PDEntry : Ti4 Ge4 Pt8 with energy = -110.5542! (e_h: -0.01635842323303116),37,0.0,-0.01635842323303116
38,Dy6 Zn6 Pd6,No valid decomposition found for PDEntry : Dy6 Zn6 Pd6 with energy = -79.8497! (e_h: -0.004527091979980469),38,0.0,-0.004527091979980469
39,U4 Ni8,No valid decomposition found for PDEntry : U4 Ni8 with energy = -94.7227! (e_h: -0.0071010589599609375),39,0.0,-0.0071010589599609375
40,Pm3 Cu3,No valid decomposition found for PDEntry : Pm3 Cu3 with energy = -27.5490! (e_h: -0.09158992767333984),40,0.0,-0.09158992767333984
41,Hf1 Nb2 Ge7 Rh6,no_error,41,0.08824020624160767,0.08824020624160767
42,Ce4 Al2 Si4 Ni2,No valid decomposition found for PDEntry : Ce4 Al2 Si4 Ni2 with energy = -72.5129! (e_h: -0.001617272694906191),42,0.0,-0.001617272694906191
43,Ga4 S8,no_error,43,0.2758957544962559,0.2758957544962559
44,Fe4 O6,no_error,44,0.03491640090942383,0.03491640090942383
45,Er2 Mg2,no_error,45,0.10166788101196245,0.10166788101196245
46,K1 Sr3 V2 Cr2 O10,no_error,46,0.07101094736403013,0.07101094736403013
47,Li3 As1 O1 F9,no_error,47,0.1969754951340814,0.1969754951340814
48,Li4 Sc4 In4 Fe4,no_error,48,0.1250721514225006,0.1250721514225006
49,Rb2 H9 O7,No valid decomposition found for PDEntry : Rb2 H9 O7 with energy = -90.5283! (e_h: -0.01642159620920669),49,0.0,-0.01642159620920669
50,K4 Zn2 Ag2 F12,no_error,50,0.008629083633422852,0.008629083633422852
51,Tm4 Ag2 Au2,No valid decomposition found for PDEntry : Tm4 Ag2 Au2 with energy = -35.1064! (e_h: -0.003231048583984375),51,0.0,-0.003231048583984375
52,Pr1 Mn2 Bi1 O8,no_error,52,0.0713965892791748,0.0713965892791748
53,Li3 Pm3 Mg3 Au3,No valid decomposition found for PDEntry : Li3 Pm3 Mg3 Au3 with energy = -40.4183! (e_h: -0.0747206568717953),53,0.0,-0.0747206568717953
54,Ca1 Ga2 Sn2 Pt11,no_error,54,0.0008519589900970459,0.0008519589900970459
55,Li5 Pr2 Mn2 V1 S10,no_error,55,0.025555538589308924,0.025555538589308924
56,Zr2 Cu14 B2 Mo2,no_error,56,0.2180759608745575,0.2180759608745575
57,Ti1 Ge8 W3,No valid decomposition found for PDEntry : Ti1 Ge8 W3 with energy = -84.5020! (e_h: -0.03040754795074463),57,0.0,-0.03040754795074463
58,Gd1 Pd1,no_error,58,0.02291107177734375,0.02291107177734375
59,Pm4 Dy2 Mg2,No valid decomposition found for PDEntry : Pm4 Dy2 Mg2 with energy = -31.7454! (e_h: -0.0009871721267700195),59,0.0,-0.0009871721267700195
60,Fe2 As4,No valid decomposition found for PDEntry : Fe2 As4 with energy = -37.1477! (e_h: -0.01018524169921875),60,0.0,-0.01018524169921875
61,Mg4 Ti4 Al4 Zn4,no_error,61,0.1964269280433717,0.1964269280433717
62,K1 Pr1 Se2,No valid decomposition found for PDEntry : K1 Pr1 Se2 with energy = -20.7476! (e_h: -0.14872747659683405),62,0.0,-0.14872747659683405
63,Ge4 Rh8,no_error,63,0.05097198486328125,0.05097198486328125
64,Na3 Fe2 S4,no_error,64,0.0642843246459961,0.0642843246459961
65,La2 Co1 Sn2 Pd1,no_error,65,0.06868101694645379,0.06868101694645379
66,Cr1 O2,no_error,66,0.048137664794921875,0.048137664794921875
67,Na1 Mn1 Se4 O11,no_error,67,0.06236401726219132,0.06236401726219132
68,Al2 H9 O9,no_error,68,0.11980417966842616,0.11980417966842616
69,La4 Cu1 S3 O4,no_error,69,0.2347377936045394,0.2347377936045394
70,Li4 Se2 S2,no_error,70,0.272314190864563,0.272314190864563
71,Li1 Mn1 Sn2 O1 F10,no_error,71,0.08514374891916887,0.08514374891916887
72,Na1 Ti1 Fe5 O10,no_error,72,0.07839486178230537,0.07839486178230537
73,Ca4 Br12,no_error,73,0.004748672246932983,0.004748672246932983
74,Na8 Cl2 F6,no_error,74,0.07199466228485107,0.07199466228485107
75,B5 H3 O12,no_error,75,0.3567798137664795,0.3567798137664795
76,Sb1 As1,no_error,76,0.07618679809570317,0.07618679809570317
77,K4 Ag2 Sn2 Cl12,no_error,77,0.030363917350767267,0.030363917350767267
78,Tl1 Ge1 Cl3,no_error,78,0.026340484619140625,0.026340484619140625
79,Li4 Ta2 O7,no_error,79,0.00251858051005982,0.00251858051005982
80,Al4 Cu2 Te1 O11,no_error,80,0.19443183475070303,0.19443183475070303
81,Pr2 Si4 Ni4,No valid decomposition found for PDEntry : Pr2 Si4 Ni4 with energy = -62.1470! (e_h: -0.0014667510986328125),81,0.0,-0.0014667510986328125
82,Bi2 As4 O10,no_error,82,0.07832244945609368,0.07832244945609368
83,Mg2 Cd2 Au4,No valid decomposition found for PDEntry : Mg2 Cd2 Au4 with energy = -21.3818! (e_h: -0.0059442520141606),83,0.0,-0.0059442520141606
84,Mg2 Sc2 Al1 Si4 Ni11,no_error,84,0.15492688814799038,0.15492688814799038
85,Mg3 Ta3 Rh6,No valid decomposition found for PDEntry : Mg3 Ta3 Rh6 with energy = -91.2838! (e_h: -0.005150794982910156),85,0.0,-0.005150794982910156
86,Ba2 B4 O8,no_error,86,0.23557472229003906,0.23557472229003906
87,Li1 H9 N3 F1,no_error,87,0.038431440080909596,0.038431440080909596
88,Na2 Sn2 Pt4,No valid decomposition found for PDEntry : Na2 Sn2 Pt4 with energy = -38.9488! (e_h: -0.12112527033862008),88,0.0,-0.12112527033862008
89,Pr4 Bi2 O8,no_error,89,0.2022114935375381,0.2022114935375381
90,Li9 Cu3 N4,no_error,90,0.07795631885528564,0.07795631885528564
91,Lu4 Ga8,No valid decomposition found for PDEntry : Lu4 Ga8 with energy = -49.4311! (e_h: -0.0025343894958496094),91,0.0,-0.0025343894958496094
92,Na6 As2 N2,no_error,92,0.6391995657057987,0.6391995657057987
93,Tb2 Er2 Pd2 Au2,no_error,93,0.01612567901611328,0.01612567901611328
94,Li1 Co2 Ni6 C1 O10,no_error,94,0.08329818248748566,0.08329818248748566
95,V2 Fe3 O8 F1,no_error,95,0.03895310979139843,0.03895310979139843
96,Lu2 In1 Si1,no_error,96,0.11863446235656738,0.11863446235656738
97,Zr1 Mn2 Tl3 S6,No valid decomposition found for PDEntry : Zr1 Mn2 Tl3 S6 with energy = -70.7674! (e_h: -0.035444557666778564),97,0.0,-0.035444557666778564
98,Y1 U1 Al4,no_error,98,0.10459518432617188,0.10459518432617188
99,Sm4 In4 Ni4,no_error,99,0.06645822525024414,0.06645822525024414
100,Yb2 Nb1 Al2 Pd9,No valid decomposition found for PDEntry : Yb2 Nb1 Al2 Pd9 with energy = -76.4631! (e_h: -0.1553131277901807),100,0.0,-0.1553131277901807
101,Na3 Eu1 V4 O12,no_error,101,0.0335951365922611,0.0335951365922611
102,Mg2 Pd2,no_error,102,0.1297452449798584,0.1297452449798584
103,Li3 Ag2 Pb2 S1,no_error,103,0.25095921754837125,0.25095921754837125
104,Nd3 Cd3 Pd3,No valid decomposition found for PDEntry : Nd3 Cd3 Pd3 with energy = -38.6586! (e_h: -0.004164218902587891),104,0.0,-0.004164218902587891
105,Sm4 Fe8 Si4 C4,No valid decomposition found for PDEntry : Sm4 Fe8 Si4 C4 with energy = -153.9980! (e_h: -0.0029358863830566406),105,0.0,-0.0029358863830566406
106,I6 O11,no_error,106,0.036576529110179834,0.036576529110179834
107,La18 S24,no_error,107,0.0010151863098144531,0.0010151863098144531
108,Te4 Mo3 W1 Se1 S3,no_error,108,0.34966492652893066,0.34966492652893066
109,Nb2 Co2 O2 F14,no_error,109,0.1005414281572623,0.1005414281572623
110,Li2 Ce2 Pr1 Hg2 O1 F10,no_error,110,0.15757770339647337,0.15757770339647337
111,La4 Al9 As7,no_error,111,0.05133151054382257,0.05133151054382257
112,Mg1 Cu4 Pt1 Se8,no_error,112,0.07161205155508732,0.07161205155508732
113,Ce4 Ga4 Ni4,No valid decomposition found for PDEntry : Ce4 Ga4 Ni4 with energy = -65.6953! (e_h: -0.0030546188354492188),113,0.0,-0.0030546188354492188
114,Mn2 Pb4 O8,no_error,114,0.07555580139159535,0.07555580139159535
115,Ta2 Ag2 O7,no_error,115,0.08280095187100578,0.08280095187100578
116,H5 S1 O7,no_error,116,0.13363565542759037,0.13363565542759037
117,Na1 Nd1 Zr1 Sn1 N4,no_error,117,0.15976434283786212,0.15976434283786212
118,Nd2 Co2 Si1 Ge1,no_error,118,0.005233354735791451,0.005233354735791451
119,Rb6 Cr6 S16,no_error,119,0.13061082363128662,0.13061082363128662
120,Cu1 Si1 Se4 S4,no_error,120,0.018875074386596857,0.018875074386596857
121,P4 F14,no_error,121,0.007953389485677143,0.007953389485677143
122,Ta10 Ti1 Al9,no_error,122,0.012317817551751986,0.012317817551751986
123,Yb1 In3,No valid decomposition found for PDEntry : Yb1 In3 with energy = -11.2560! (e_h: -0.411371964931488),123,0.0,-0.411371964931488
124,Ga2 Se2 I6,no_error,124,0.011394882202148349,0.011394882202148349
125,Sb2 F10,No valid decomposition found for PDEntry : Sb2 F10 with energy = -58.2654! (e_h: -0.00037384033203125),125,0.0,-0.00037384033203125
126,Li4 V1 O1 F6,no_error,126,0.0421175956726092,0.0421175956726092
127,Th3 Al2 Ga1 Au2,no_error,127,0.166043221950531,0.166043221950531
128,K1 Y1 V2 O5,no_error,128,0.029211056085280518,0.029211056085280518
129,Ho1 Al1,no_error,129,0.019548892974853516,0.019548892974853516
130,Pr1 Ti1 V2 Co8 Si1 Sn1 H2,no_error,130,0.20352568919375713,0.20352568919375713
131,V7 Sn1 O12,no_error,131,0.042986476421353004,0.042986476421353004
132,Ce1 Al9,no_error,132,0.0027765591939292733,0.0027765591939292733
133,Rb2 Li2 Cl6,no_error,133,0.04246039390563894,0.04246039390563894
134,K2 Na2 La4 Al4 O16,no_error,134,0.20637986773535832,0.20637986773535832
135,Sr4 Ge4 Pd2,no_error,135,0.03583565711975112,0.03583565711975112
136,Ba3 Sn5 As2,no_error,136,0.011326992511748735,0.011326992511748735
137,Zr1 Co1 Se1 S5,no_error,137,0.10055160522460938,0.10055160522460938
138,Nb2 Te1 Se17,No valid decomposition found for PDEntry : Nb2 Te1 Se17 with energy = -95.0792! (e_h: -0.10969049930572528),138,0.0,-0.10969049930572528
139,Li4 V3 O8,no_error,139,0.03206675847371443,0.03206675847371443
140,Hf4 Zr4 Os8,No valid decomposition found for PDEntry : Hf4 Zr4 Os8 with energy = -172.8853! (e_h: -0.0011076927185058594),140,0.0,-0.0011076927185058594
141,Li4 B2 F12,no_error,141,0.054858366648356416,0.054858366648356416
142,Na1 N1 O2,no_error,142,0.08192439377307892,0.08192439377307892
143,Mg1 Fe4 O7 F2,no_error,143,0.15451240539550692,0.15451240539550692
144,Mg8 Ga12 Co4 Re4,no_error,144,0.04625900526692028,0.04625900526692028
145,Ca1 Cu1 Ni4 O8,no_error,145,0.08308591161455237,0.08308591161455237
146,Zn1 Ga1 Pb1 S4,no_error,146,0.04524890014103633,0.04524890014103633
147,Li1 V3 F16,no_error,147,0.023250961303711293,0.023250961303711293
148,In1 Cu2 Ag1 Te4,No valid decomposition found for PDEntry : In1 Cu2 Ag1 Te4 with energy = -29.2351! (e_h: -0.014867663383483887),148,0.0,-0.014867663383483887
149,Te1 As5 I8,No valid decomposition found for PDEntry : Te1 As5 I8 with energy = -43.7342! (e_h: -0.02224648970649401),149,0.0,-0.02224648970649401
150,Mn2 O6 F2,no_error,150,0.5252939860026054,0.5252939860026054
151,Th1 Zr1 Ge2 I2,no_error,151,0.10420854886372766,0.10420854886372766
152,Li1 Si3 O7,no_error,152,0.3382482095198238,0.3382482095198238
153,Cs2 K1 Al1 Cl6,no_error,153,0.02539515495300293,0.02539515495300293
154,Cr3 Cu2 Ni1 O10,no_error,154,0.09576772981219417,0.09576772981219417
155,Ta1 Al1 Ga1 Pd9,No valid decomposition found for PDEntry : Ta1 Al1 Ga1 Pd9 with energy = -71.8589! (e_h: -0.0021762847900390625),155,0.0,-0.0021762847900390625
156,Rb2 Pr1 Tl1 I6,no_error,156,0.05967397689819265,0.05967397689819265
157,Cs2 K1 Nd1 Nb2 O10,no_error,157,0.09616951147714836,0.09616951147714836
158,K2 Ce2 O4,No valid decomposition found for PDEntry : K2 Ce2 O4 with energy = -57.5809! (e_h: -0.022593291366801438),158,0.0,-0.022593291366801438
159,Tb3 Ni12 Ag3,no_error,159,0.007558027903242781,0.007558027903242781
160,Pm3 Cd3 In3 Hg3,no_error,160,0.010187069574992158,0.010187069574992158
161,Sm2 Fe10,no_error,161,0.0037810107072182575,0.0037810107072182575
162,B5 Cl5,no_error,162,0.2595791816711426,0.2595791816711426
163,Pt2,no_error,163,0.040495872497558594,0.040495872497558594
164,P6 O14,no_error,164,0.15122101783752395,0.15122101783752395
165,Er2 Fe4 Si4,No valid decomposition found for PDEntry : Er2 Fe4 Si4 with energy = -71.2562! (e_h: -0.00956487655639826),165,0.0,-0.00956487655639826
166,Eu2 In1 Sn3,No valid decomposition found for PDEntry : Eu2 In1 Sn3 with energy = -38.7145! (e_h: -0.020479255252412898),166,0.0,-0.020479255252412898
167,Np2 Pa2 Sb8,No valid decomposition found for PDEntry : Np2 Pa2 Sb8 with energy = -83.7166! (e_h: -0.014042854309082031),167,0.0,-0.014042854309082031
168,Ba2 Na3 Li1 Fe3 S5,no_error,168,0.2739411081586578,0.2739411081586578
169,Nb1 Mo2 W1 S8,no_error,169,0.41568922996520996,0.41568922996520996
170,As9 H1 O10,no_error,170,0.10069852857589723,0.10069852857589723
171,Be1 B1 O1 F6,no_error,171,0.2618796428044643,0.2618796428044643
172,Cu15 Si3 Sn2,no_error,172,0.0477405369281767,0.0477405369281767
173,Dy4 Te2 O4,No valid decomposition found for PDEntry : Dy4 Te2 O4 with energy = -77.7621! (e_h: -0.002110004425048828),173,0.0,-0.002110004425048828
174,Nd4 Ge4 Pd4,No valid decomposition found for PDEntry : Nd4 Ge4 Pd4 with energy = -69.4672! (e_h: -0.08307202657063861),174,0.0,-0.08307202657063861
175,Ca4 Os2 O8,no_error,175,0.07096128463744744,0.07096128463744744
176,Mn6 O3 F9,no_error,176,0.06642150878905895,0.06642150878905895
177,Gd4 W1 O9,no_error,177,0.15940812655857428,0.15940812655857428
178,Li3 Fe1 Co1 Cu2 O7,no_error,178,0.07875824387455399,0.07875824387455399
179,Sn2 Pt2,No valid decomposition found for PDEntry : Sn2 Pt2 with energy = -22.4464! (e_h: -0.011356353759765625),179,0.0,-0.011356353759765625
180,Pm6 Mg3 Au3,No valid decomposition found for PDEntry : Pm6 Mg3 Au3 with energy = -48.3532! (e_h: -0.04453015327453613),180,0.0,-0.04453015327453613
181,Ru2 S6,no_error,181,0.07112681865692139,0.07112681865692139
182,Ca2 La2 Hg2 Au2,no_error,182,0.043011605739593506,0.043011605739593506
183,Sm1 Al2 Sn5,no_error,183,0.05174899101257324,0.05174899101257324
184,Ti4 Br8,No valid decomposition found for PDEntry : Ti4 Br8 with energy = -62.3696! (e_h: -0.05178938971625424),184,0.0,-0.05178938971625424
185,Nd1 Y1 O4,no_error,185,0.09004918734232348,0.09004918734232348
186,Li1 Ho1 Al1 Se4,no_error,186,0.1673378944396955,0.1673378944396955
187,Li1 Ce2 Mg2 Cu3 O8,no_error,187,0.2576844096183777,0.2576844096183777
188,B3 O6,no_error,188,0.31726551055908114,0.31726551055908114
189,Ca8 N2,No valid decomposition found for PDEntry : Ca8 N2 with energy = -38.0787! (e_h: -0.015268135070800604),189,0.0,-0.015268135070800604
190,Cd6 Sn2 O11,no_error,190,0.05483767860814126,0.05483767860814126
191,Li4 Ag2 Sn2,no_error,191,0.03929901123046875,0.03929901123046875
192,B1 H8 O9,no_error,192,0.20303491751352887,0.20303491751352887
193,Er12 Al4 Fe2,no_error,193,0.023655732472737334,0.023655732472737334
194,Cd1 Ag1,No valid decomposition found for PDEntry : Cd1 Ag1 with energy = -3.8980! (e_h: -0.013246536254882812),194,0.0,-0.013246536254882812
195,Hg6 Sb1 Te3 S2,no_error,195,0.03832607592145587,0.03832607592145587
196,Pr4 Al1 Co1 Cu3 O11,no_error,196,0.11012142896652133,0.11012142896652133
197,Rb2 In1 Mo1 Br6,no_error,197,0.13157592614491964,0.13157592614491964
198,Sr6 Re3 N9,no_error,198,0.007599830627441406,0.007599830627441406
199,Li4 Al8 Cr1 Rh3,no_error,199,0.020281294981640663,0.020281294981640663
200,Ce2 Cu5 Ag1 S6,no_error,200,0.08410184723990444,0.08410184723990444
201,Li3 Mn2 Fe3 O8,no_error,201,0.004381924867634446,0.004381924867634446
202,Li2 Cr4 S8,no_error,202,0.10797882080078125,0.10797882080078125
203,Dy2 Mg4,no_error,203,0.03885579109191939,0.03885579109191939
204,Cs2 Fe2 F6,no_error,204,0.020008563995361328,0.020008563995361328
205,Cr1 F2,no_error,205,0.0294189453125,0.0294189453125
206,Sn1 W1 S6,no_error,206,0.04311186075210571,0.04311186075210571
207,Zr4 Ga2 Si2,No valid decomposition found for PDEntry : Zr4 Ga2 Si2 with energy = -57.1718! (e_h: -0.010258674621582031),207,0.0,-0.010258674621582031
208,La8 Sn4,no_error,208,0.0020313262939453125,0.0020313262939453125
209,Mn2 Zn4 Tc2,no_error,209,0.06406935056050589,0.06406935056050589
210,Pr2 In1 Ni2,no_error,210,0.016585826873779297,0.016585826873779297
211,Tl4 Cd4 In4 Hg4,no_error,211,0.037508562207221985,0.037508562207221985
212,Ca3 Cu2 Sn3 S8,no_error,212,0.04939150810241699,0.04939150810241699
213,Tb4 Er4 Rh8,No valid decomposition found for PDEntry : Tb4 Er4 Rh8 with energy = -109.8489! (e_h: -0.003094196319580078),213,0.0,-0.003094196319580078
214,Ga2 Pt4 Se1,no_error,214,0.06446255956376667,0.06446255956376667
215,Rb4 Li4 F12,no_error,215,0.0039293289184554325,0.0039293289184554325
216,Tl5 B3 F12,no_error,216,0.010760474205016912,0.010760474205016912
217,Al2 P4 O12,no_error,217,0.29635559717814175,0.29635559717814175
218,Ca4 Mg2,no_error,218,0.023894953727722434,0.023894953727722434
219,Mn1 Ni17,no_error,219,0.10730579164293097,0.10730579164293097
220,K3 Fe1 F6,No valid decomposition found for PDEntry : K3 Fe1 F6 with energy = -52.3899! (e_h: -0.008352279663084161),220,0.0,-0.008352279663084161
221,U3 Cd1 Cu2 S8,no_error,221,0.06673020550182862,0.06673020550182862
222,Zr1 U2 Sn12,no_error,222,0.030464204152425012,0.030464204152425012
223,Mg2 Cd1 Sb3 Te2,no_error,223,0.11898583173751831,0.11898583173751831
224,Mn1 Nb1 Si2 Mo3,no_error,224,0.1283364977155408,0.1283364977155408
225,Si1 Ni11,No valid decomposition found for PDEntry : Si1 Ni11 with energy = -70.4547! (e_h: -0.009875244564480745),225,0.0,-0.009875244564480745
226,Ba3 La1 Ce1 S7,no_error,226,0.049854815006256104,0.049854815006256104
227,Mg8 Cd4,no_error,227,0.026199062665303474,0.026199062665303474
228,Mo6 Se7 S1,no_error,228,0.0029612901259445934,0.0029612901259445934
229,Mg3 Cd3 In6,no_error,229,0.029349406560262192,0.029349406560262192
230,Li11 S7,no_error,230,0.029105981190999053,0.029105981190999053
231,Li3 Mg1 Cu2 Sb1 Te1 O12,no_error,231,0.08925681908925398,0.08925681908925398
232,O2,no_error,232,0.009417533874511719,0.009417533874511719
233,Cr3 Sn1 N1,no_error,233,0.058888959884644265,0.058888959884644265
234,V4 F12,no_error,234,0.06643295288086115,0.06643295288086115
235,Mg2 Sc2 I4,no_error,235,0.35260105534775565,0.35260105534775565
236,Hg3,no_error,236,0.0003649592399597168,0.0003649592399597168
237,Eu1 Ge2,No valid decomposition found for PDEntry : Eu1 Ge2 with energy = -21.1001! (e_h: -0.006113052368157845),237,0.0,-0.006113052368157845
238,Li12 Cr4 O16,no_error,238,0.09358882904052734,0.09358882904052734
239,Sc2 Ge10,no_error,239,0.02605724334716797,0.02605724334716797
240,Tb4 Mn8 Rh4,no_error,240,0.3505074977874756,0.3505074977874756
241,Nb1 Pd9,No valid decomposition found for PDEntry : Nb1 Pd9 with energy = -59.3704! (e_h: -0.07347087860107404),241,0.0,-0.07347087860107404
242,Be1 Ir1,No valid decomposition found for PDEntry : Be1 Ir1 with energy = -13.8239! (e_h: -0.30745935440063477),242,0.0,-0.30745935440063477
243,Ce12 Tl4,no_error,243,0.01507425308227539,0.01507425308227539
244,Na1 Ti1 Cu2 Mo1 O5,no_error,244,0.2787715196609577,0.2787715196609577
245,K4 Hg6 Sb2,no_error,245,0.025459587574005127,0.025459587574005127
246,Li3 Ag2 O4 F3,no_error,246,0.38622204462687204,0.38622204462687204
247,S8 Cl2,No valid decomposition found for PDEntry : S8 Cl2 with energy = -38.7383! (e_h: -0.017647981643676758),247,0.0,-0.017647981643676758
248,Rb14 Te1 I5,No valid decomposition found for PDEntry : Rb14 Te1 I5 with energy = -45.8318! (e_h: -0.06147592067718488),248,0.0,-0.06147592067718488
249,Ce1 In12 Ge1 N2,no_error,249,0.1382531225681305,0.1382531225681305
250,Li6 Nd3 In3,No valid decomposition found for PDEntry : Li6 Nd3 In3 with energy = -37.5645! (e_h: -0.0009543895721435547),250,0.0,-0.0009543895721435547
251,B3 F9,no_error,251,0.2783527374267578,0.2783527374267578
252,Sr3 P14 Se2 I1,no_error,252,0.11763939460118422,0.11763939460118422
253,Nb2 Ni2 O8,no_error,253,0.23346153895060162,0.23346153895060162
254,La2 Ge2 Ru2,No valid decomposition found for PDEntry : La2 Ge2 Ru2 with energy = -41.7033! (e_h: -0.005570411682128906),254,0.0,-0.005570411682128906
255,Li5 Ti1 Cu3 O8,no_error,255,0.038932631997509404,0.038932631997509404
256,Tb3 Mg3 Ni12,No valid decomposition found for PDEntry : Tb3 Mg3 Ni12 with energy = -94.7557! (e_h: -0.039587179819743135),256,0.0,-0.039587179819743135
257,Na12 Mo2 P6,no_error,257,0.06886663436889684,0.06886663436889684
258,Ba5 Sn10 Pt4 Rh1,No valid decomposition found for PDEntry : Ba5 Sn10 Pt4 Rh1 with energy = -94.5308! (e_h: -0.022050070762634988),258,0.0,-0.022050070762634988
259,La2 Ni2 O5 F3,no_error,259,0.20347265402476022,0.20347265402476022
260,Ca4 Mg8,no_error,260,0.17983543872833252,0.17983543872833252
261,Al7 Ni5,no_error,261,0.04708838462828702,0.04708838462828702
262,Na4 Zr1 Ti2 As2 N5,no_error,262,0.13121874532461675,0.13121874532461675
263,Nd2 Si3 Ge1,No valid decomposition found for PDEntry : Nd2 Si3 Ge1 with energy = -33.8147! (e_h: -0.0003764515831354842),263,0.0,-0.0003764515831354842
264,Ce2 Cu2 Sn4 Au2,no_error,264,0.07751502990722603,0.07751502990722603
265,Th2 Cu4 Si4,No valid decomposition found for PDEntry : Th2 Cu4 Si4 with energy = -58.3094! (e_h: -0.0012645721435537993),265,0.0,-0.0012645721435537993
266,Cr1 Fe3 P4,No valid decomposition found for PDEntry : Cr1 Fe3 P4 with energy = -61.2323! (e_h: -0.004254341125488281),266,0.0,-0.004254341125488281
267,La2 Mg14,no_error,267,0.034052893519401106,0.034052893519401106
268,V2 Ag2 O6,no_error,268,0.010034561157226562,0.010034561157226562
269,K4 Li2 H7 O7,no_error,269,0.02896630764007302,0.02896630764007302
270,Fe2,no_error,270,0.009809494018554688,0.009809494018554688
271,Cs4 Na2 Sc2 Cl12,no_error,271,7.390975952237255e-05,7.390975952237255e-05
272,Lu3 Al2 Ga9,No valid decomposition found for PDEntry : Lu3 Al2 Ga9 with energy = -54.0823! (e_h: -0.00012445449829101562),272,0.0,-0.00012445449829101562
273,Li4 Mg4 Cd4 Pt4,No valid decomposition found for PDEntry : Li4 Mg4 Cd4 Pt4 with energy = -50.7386! (e_h: -0.03622853755950928),273,0.0,-0.03622853755950928
274,La1 Dy1 P4 Rh4,No valid decomposition found for PDEntry : La1 Dy1 P4 Rh4 with energy = -72.4080! (e_h: -0.062228981653825954),274,0.0,-0.062228981653825954
275,Cs3 Al1 Cl6,no_error,275,0.05019192695617658,0.05019192695617658
276,H11 I5 O2,no_error,276,0.04631985558403917,0.04631985558403917
277,V1 Ga1 H6 O8,no_error,277,0.08894008696079236,0.08894008696079236
278,Li3 Si3 Pt3,No valid decomposition found for PDEntry : Li3 Si3 Pt3 with energy = -46.2950! (e_h: -0.11414862767746481),278,0.0,-0.11414862767746481
279,La10 Mg4,no_error,279,0.06537263734000032,0.06537263734000032
280,Ca2 Ga2 P2 O9,no_error,280,0.12878144582112494,0.12878144582112494
281,Li2 Bi6 O10,no_error,281,0.05534617106120088,0.05534617106120088
282,Li1 Co4 Ag2 O7,no_error,282,0.1318316970552731,0.1318316970552731
283,Sn1 Pd6 Pt1,No valid decomposition found for PDEntry : Sn1 Pd6 Pt1 with energy = -43.4294! (e_h: -0.025715231895446777),283,0.0,-0.025715231895446777
284,Li2 V1 Ga1 Fe5 O11,no_error,284,0.092195279781631,0.092195279781631
285,La2 Al2 Si2 Ge2 Rh6,no_error,285,0.1852408817836242,0.1852408817836242
286,La5 O5,no_error,286,0.1080960432688407,0.1080960432688407
287,Er1 Hf1 Ag2 Bi2,no_error,287,0.09911823272705078,0.09911823272705078
288,Se5 O8 F7,no_error,288,0.009747052192687455,0.009747052192687455
289,Nd2 Bi4 Cl2 O4 F4,no_error,289,0.13355926672617535,0.13355926672617535
290,Mg1 Tl3,No valid decomposition found for PDEntry : Mg1 Tl3 with energy = -8.6936! (e_h: -0.0014595985412597656),290,0.0,-0.0014595985412597656
291,Ho4 Pd4 Pb4,no_error,291,0.03655592600504498,0.03655592600504498
292,Zn3 Rh9 N3,no_error,292,0.07463502883911133,0.07463502883911133
293,Ge4 Pt3 W1,no_error,293,0.06026339530944824,0.06026339530944824
294,Li3 Zr1 Co2 Bi1 O9,no_error,294,0.09086070625405007,0.09086070625405007
295,Li8 Mn2 Ni6 O16,No valid decomposition found for PDEntry : Li8 Mn2 Ni6 O16 with energy = -201.7402! (e_h: -0.0009684562683229814),295,0.0,-0.0009684562683229814
296,Li1 Ga1 Fe4 Pb3 O11,no_error,296,0.10500164031982173,0.10500164031982173
297,La2 Mn2 Si2 Ni2 Ge2,no_error,297,0.01881186167399651,0.01881186167399651
298,Li5 Fe1 Co1 Cu1 Bi1 Mo1 O10,no_error,298,0.08711442285113691,0.08711442285113691
299,Ta8 Mn4 Ru4,no_error,299,0.002210259437564588,0.002210259437564588
300,Pm1 Nd1 Sm6,no_error,300,0.0006049474080400685,0.0006049474080400685
301,Ga4 Cu4 Rh8,No valid decomposition found for PDEntry : Ga4 Cu4 Rh8 with energy = -93.8510! (e_h: -0.008199214935302734),301,0.0,-0.008199214935302734
302,La6 V1 Sb1 O12,no_error,302,0.0821087598800716,0.0821087598800716
303,V3 Co1 As1 O10 F1,no_error,303,0.030368951814493172,0.030368951814493172
304,Eu2 Ge4 Ru1,No valid decomposition found for PDEntry : Eu2 Ge4 Ru1 with energy = -52.2015! (e_h: -0.02359337466103817),304,0.0,-0.02359337466103817
305,Nd4 Al8,No valid decomposition found for PDEntry : Nd4 Al8 with energy = -54.9937! (e_h: -0.0007619857788085938),305,0.0,-0.0007619857788085938
306,Li3 Bi3 O6,no_error,306,0.04378461837768555,0.04378461837768555
307,Ac2 Mg2 Tl4,No valid decomposition found for PDEntry : Ac2 Mg2 Tl4 with energy = -23.2793! (e_h: -0.0014526844024653762),307,0.0,-0.0014526844024653762
308,Gd8 O14,no_error,308,0.1030661843039784,0.1030661843039784
309,Ti2 Pt2,No valid decomposition found for PDEntry : Ti2 Pt2 with energy = -31.7335! (e_h: -0.015702724456787998),309,0.0,-0.015702724456787998
310,Rb2 Na1 Nd1 I6,no_error,310,0.010424327850341975,0.010424327850341975
311,Gd1 Hg1,no_error,311,0.13506698608398438,0.13506698608398438
312,Cu1 P3 O7,no_error,312,0.10495983470569925,0.10495983470569925
313,Cr1 Cu1 Ag7 As1,no_error,313,0.212210702896118,0.212210702896118
314,Ho1 Ga4 Pd3 Au1,no_error,314,0.019304831822713808,0.019304831822713808
315,Ce2 Ni10,No valid decomposition found for PDEntry : Ce2 Ni10 with energy = -73.5929! (e_h: -0.004092216491699219),315,0.0,-0.004092216491699219
316,Ac2 Al6,No valid decomposition found for PDEntry : Ac2 Al6 with energy = -33.0865! (e_h: -0.0016946792602539062),316,0.0,-0.0016946792602539062
317,Li1 Cu1 Ag3 S3 O12,no_error,317,0.02137959003448575,0.02137959003448575
318,Li2 As6,no_error,318,0.08365268191584807,0.08365268191584807
319,Mg2 Zn3 Sn1,no_error,319,0.0619147110868381,0.0619147110868381
320,Ba2 As4 Rh4,No valid decomposition found for PDEntry : Ba2 As4 Rh4 with energy = -60.2703! (e_h: -0.0067806243896484375),320,0.0,-0.0067806243896484375
321,Ni2 Sb2,no_error,321,0.3549690246582031,0.3549690246582031
322,Er2 Sb4,No valid decomposition found for PDEntry : Er2 Sb4 with energy = -30.6684! (e_h: -0.06706047058105469),322,0.0,-0.06706047058105469
323,Sb12 Te12,no_error,323,0.013307531674702666,0.013307531674702666
324,Al5 V4 Co1 Ru1 N1,no_error,324,0.13004434527012343,0.13004434527012343
325,Ca2 Zn2 Hg4,no_error,325,0.02680234909057755,0.02680234909057755
326,Hg2,no_error,326,0.00020456314086914062,0.00020456314086914062
327,Te4 Mo3 W1 Se4,no_error,327,0.3806988000869751,0.3806988000869751
328,Er3 Cu1 Pd2 Pb1,no_error,328,0.072805064065113,0.072805064065113
329,Ba4 Sc2 Re2 O12,No valid decomposition found for PDEntry : Ba4 Sc2 Re2 O12 with energy = -165.9521! (e_h: -0.002017021179200995),329,0.0,-0.002017021179200995
330,Ba1 Sr4 Co2 Pb1 O10,no_error,330,0.048901928795730853,0.048901928795730853
331,K2 Li1 Cd1 Te4,No valid decomposition found for PDEntry : K2 Li1 Cd1 Te4 with energy = -25.2613! (e_h: -0.0016043856740002305),331,0.0,-0.0016043856740002305
332,Ga5 O8,no_error,332,0.1866513582376328,0.1866513582376328
333,Nd2 Zn6,no_error,333,0.048949480056762695,0.048949480056762695
334,Re2 Cl12,No valid decomposition found for PDEntry : Re2 Cl12 with energy = -62.0017! (e_h: -0.02909231185913086),334,0.0,-0.02909231185913086
335,Ba2 Cu2 Ag1 O5,no_error,335,0.17391935900638522,0.17391935900638522
336,Sm3 Y3 Sb2,no_error,336,0.10114155213038156,0.10114155213038156
337,Zn6 Ga2 Ni12,no_error,337,0.008915138244629084,0.008915138244629084
338,Ti2 Cr2 Ge2,no_error,338,0.08946762084960813,0.08946762084960813
339,V3 Cd1 S6,no_error,339,0.042549657821650655,0.042549657821650655
340,Li2 V1 F8,no_error,340,0.02443755756724819,0.02443755756724819
341,Cd9 Au5,No valid decomposition found for PDEntry : Cd9 Au5 with energy = -26.7600! (e_h: -0.0012350082397456497),341,0.0,-0.0012350082397456497
342,La2 Y4 Mg2,no_error,342,0.015699297189712524,0.015699297189712524
343,Fe3 Co1 O6,no_error,343,0.09243077536423971,0.09243077536423971
344,Nd4 Ga7 Pt3,no_error,344,0.03086982454572329,0.03086982454572329
345,Li3 Mo1 F8,no_error,345,0.00848984718323198,0.00848984718323198
346,Np1 Re1 Br8,No valid decomposition found for PDEntry : Np1 Re1 Br8 with energy = -50.2147! (e_h: -0.24862648646036778),346,0.0,-0.24862648646036778
347,Eu7 P6,No valid decomposition found for PDEntry : Eu7 P6 with energy = -116.5285! (e_h: -0.014125677255483637),347,0.0,-0.014125677255483637
348,Y1 In6 Bi1 O12,no_error,348,0.1078689694404602,0.1078689694404602
349,Na1 V1 Sb1 F7,no_error,349,0.06971806526184388,0.06971806526184388
350,Tb2 P2 Pt2,No valid decomposition found for PDEntry : Tb2 P2 Pt2 with energy = -40.4829! (e_h: -0.023757457733154297),350,0.0,-0.023757457733154297
351,Li5 Si2 Ge1,no_error,351,0.06016778945922896,0.06016778945922896
352,Lu4 Ni4 Pb2,No valid decomposition found for PDEntry : Lu4 Ni4 Pb2 with energy = -53.8686! (e_h: -0.0422645432608455),352,0.0,-0.0422645432608455
353,Al16 W1,no_error,353,0.025921204510856555,0.025921204510856555
354,Mo5 N2 F9,no_error,354,0.32173800468444824,0.32173800468444824
355,Li2 Co3 Ni5 O10,no_error,355,0.0014959123399513885,0.0014959123399513885
356,Co3 Cu1 P1 O8,no_error,356,0.09630850278414371,0.09630850278414371
357,Ti2 Nb4 Al2 Ga2 Fe4 Si2,no_error,357,0.18602290749549866,0.18602290749549866
358,Nd4 Si2 Ni6,no_error,358,0.04362845420837402,0.04362845420837402
359,Sm2 Mg2 Cd4,No valid decomposition found for PDEntry : Sm2 Mg2 Cd4 with energy = -18.7617! (e_h: -0.002239704132080078),359,0.0,-0.002239704132080078
360,Gd2 Hf2 O8,no_error,360,0.21758937835693537,0.21758937835693537
361,Er3 Mg3 Pd3,No valid decomposition found for PDEntry : Er3 Mg3 Pd3 with energy = -40.3196! (e_h: -0.0020895004272460938),361,0.0,-0.0020895004272460938
362,Sr1 Nd3 B4 O12,no_error,362,0.009014856815335648,0.009014856815335648
363,Zn8 Pt24,no_error,363,0.09681463241577148,0.09681463241577148
364,Zr1 Ti1 Cl8,no_error,364,0.03548860549926758,0.03548860549926758
365,La3 Y1 Ho2 Mn2 Sb6 Te4,no_error,365,0.15489170014688547,0.15489170014688547
366,U1 B13,no_error,366,0.26412524495806,0.26412524495806
367,Ti4 Ni2 H2,no_error,367,0.07189655303955078,0.07189655303955078
368,K1 V5 O13,no_error,368,0.024705217595689888,0.024705217595689888
369,Na2 V2 O6,no_error,369,0.048655033111572266,0.048655033111572266
370,Zr4 Ni4 Ge4,No valid decomposition found for PDEntry : Zr4 Ni4 Ge4 with energy = -85.0722! (e_h: -0.020186424255371094),370,0.0,-0.020186424255371094
371,P4 O3 F11,no_error,371,0.0854710261027023,0.0854710261027023
372,Nb2 Co7 Ge4,no_error,372,0.03643026107396885,0.03643026107396885
373,Ba2 Cd2 As4 O12,no_error,373,0.05988131818317122,0.05988131818317122
374,Sc1 Ni5 P1,no_error,374,0.007247128656931778,0.007247128656931778
375,Ce6 Hg3 Ir3,no_error,375,0.1056930869817716,0.1056930869817716
376,In5 Ni5 Pb8,no_error,376,0.06755246056450748,0.06755246056450748
377,Al2 Ag6,No valid decomposition found for PDEntry : Al2 Ag6 with energy = -24.9845! (e_h: -0.008018732070922852),377,0.0,-0.008018732070922852
378,Gd6 Br2 O10,no_error,378,0.18136584096484754,0.18136584096484754
379,U6 Bi6 Se6,no_error,379,0.16716045803493795,0.16716045803493795
380,V5 O7,no_error,380,0.10586203469170385,0.10586203469170385
381,Ba2 Gd1 Fe1 Co1 Cu1 O7,no_error,381,0.07697696111672858,0.07697696111672858
382,V2 Ni4 Sn6,no_error,382,0.06464507844713197,0.06464507844713197
383,Na1 Zn1 O2,no_error,383,0.09265577793121338,0.09265577793121338
384,Li4 Mn1 V2 Cu1 O8,no_error,384,0.08981817960738425,0.08981817960738425
385,Ac4 In2 Bi2,No valid decomposition found for PDEntry : Ac4 In2 Bi2 with energy = -34.7774! (e_h: -0.5087656080722809),385,0.0,-0.5087656080722809
386,Si4 H2 O9,no_error,386,0.03975276947021378,0.03975276947021378
387,P2 S16,no_error,387,0.07157087326049805,0.07157087326049805
388,Sr2 Cd4 Bi4,no_error,388,0.0029151558876034933,0.0029151558876034933
389,Ti2 Cu2 As6,no_error,389,0.02656694335937626,0.02656694335937626
390,Cs2 Tm1 Tl1 Cl6,no_error,390,0.0009504318237292253,0.0009504318237292253
391,Bi4 O2,no_error,391,0.1042286025153274,0.1042286025153274
392,Mg2 In10,No valid decomposition found for PDEntry : Mg2 In10 with energy = -30.5571! (e_h: -0.0002675056457519531),392,0.0,-0.0002675056457519531
393,La4 I13,No valid decomposition found for PDEntry : La4 I13 with energy = -68.8455! (e_h: -0.03068255676942666),393,0.0,-0.03068255676942666
394,Li2 Mg4 Co6 O16,no_error,394,0.05832367397489868,0.05832367397489868
395,Nd3 Fe1 Si3,no_error,395,0.048327990940637555,0.048327990940637555
396,Rb6 Na3 Sc3 F18,No valid decomposition found for PDEntry : Rb6 Na3 Sc3 F18 with energy = -170.6376! (e_h: -6.198883055752447e-06),396,0.0,-6.198883055752447
397,Be4,no_error,397,1.9073486328125e-05,1.9073486328125e-05
398,Li1 Cr1 In1 Fe1 Se4,no_error,398,0.16153576970100403,0.16153576970100403
399,K1 Zn1 As2 O6,no_error,399,0.04975062608717984,0.04975062608717984
400,Er3 Cu3 Sn3,no_error,400,0.0206298828125,0.0206298828125
401,Bi4 Cl2 O4,no_error,401,0.1106942040579666,0.1106942040579666
402,Na1 Zr1 V1 Ge2 N7,no_error,402,0.23864594101906178,0.23864594101906178
403,Ta2 Sn2 O8,no_error,403,0.06786119937896906,0.06786119937896906
404,Li1 Fe2 Cu2 F10,no_error,404,0.0529430389404304,0.0529430389404304
405,Ti2 Mn2 Fe2 Ni2,no_error,405,0.03488651911417584,0.03488651911417584
406,Hf2 Fe2 Si4,no_error,406,0.07234859466552734,0.07234859466552734
407,Sm12 Gd4,no_error,407,0.013925790786743164,0.013925790786743164
408,Cs1 U1 Cd1 Os1 Br6 Cl1,no_error,408,0.2229741269891914,0.2229741269891914
409,Hf2 Pt6,No valid decomposition found for PDEntry : Hf2 Pt6 with energy = -64.6146! (e_h: -0.00669956207275213),409,0.0,-0.00669956207275213
410,Tl1 P1 F5,no_error,410,0.055180481501985845,0.055180481501985845
411,Cu2 S2,no_error,411,0.12643861770629794,0.12643861770629794
412,U7 S8 O3,no_error,412,0.058054526646934335,0.058054526646934335
413,Th1 B2 Ir3,No valid decomposition found for PDEntry : Th1 B2 Ir3 with energy = -51.4262! (e_h: -0.0012731552124023438),413,0.0,-0.0012731552124023438
414,Ce2 Al4,no_error,414,4.4345855712890625e-05,4.4345855712890625e-05
415,C3 O7,no_error,415,0.0677254676818837,0.0677254676818837
416,Zr4 Ge4,no_error,416,0.2333688735961914,0.2333688735961914
417,Er1 Bi1 As3 H3 O11,no_error,417,0.08814976089878712,0.08814976089878712
418,Na1 Li6 Al1 Co3 O9,no_error,418,0.099977111816413,0.099977111816413
419,Na2 Cr2 Co1 W1 O11,no_error,419,0.051079567131178116,0.051079567131178116
420,Sm4 Al4 Au4,No valid decomposition found for PDEntry : Sm4 Al4 Au4 with energy = -56.2360! (e_h: -0.00281524658203125),420,0.0,-0.00281524658203125
421,Mg2 Cd2 Cu2 Pd2,no_error,421,0.024775301301202646,0.024775301301202646
422,Yb2 Nd2 Tm2 Mg2,no_error,422,0.09229234981536871,0.09229234981536871
423,Pr4 Cd4 Hg8,No valid decomposition found for PDEntry : Pr4 Cd4 Hg8 with energy = -31.3230! (e_h: -0.0038312673568725586),423,0.0,-0.0038312673568725586
424,Pr2 Ga11,No valid decomposition found for PDEntry : Pr2 Ga11 with energy = -47.9303! (e_h: -0.01179014719449567),424,0.0,-0.01179014719449567
425,Ba4 Mg8 Si4,no_error,425,0.014386743307110983,0.014386743307110983
426,Zn4 Cr4 Cu2 Ni20 N2,no_error,426,0.09667479991912842,0.09667479991912842
427,Sc3 Si1 As2 Rh3,No valid decomposition found for PDEntry : Sc3 Si1 As2 Rh3 with energy = -65.9059! (e_h: -0.07124651802910531),427,0.0,-0.07124651802910531
428,Si3 N3 Cl6,no_error,428,0.36379928059048083,0.36379928059048083
429,V1 Co5 Re5 Ge7,no_error,429,0.13649781545003226,0.13649781545003226
430,Zn3 Pt9,No valid decomposition found for PDEntry : Zn3 Pt9 with energy = -62.7035! (e_h: -0.007348060607910156),430,0.0,-0.007348060607910156
431,Sc6 I14,no_error,431,0.03436183062467002,0.03436183062467002
432,Rb1 Zn1 In3 Bi2,no_error,432,0.017559090217987183,0.017559090217987183
433,Ca2 As2,no_error,433,0.1825103759765625,0.1825103759765625
434,Li5 Fe1 O1 F13,no_error,434,0.04677287340164149,0.04677287340164149
435,Cd1 Sb1 Pd2 Pb2,no_error,435,0.0684566360780563,0.0684566360780563
436,K2,no_error,436,8.90493392944336e-05,8.90493392944336e-05
437,Na1 Th2 S3 Br1,no_error,437,0.27140596934727323,0.27140596934727323
438,Y3 In1 Pd4,no_error,438,0.03463190793991178,0.03463190793991178
439,Pr2 I8,No valid decomposition found for PDEntry : Pr2 I8 with energy = -35.8700! (e_h: -0.04610588550567618),439,0.0,-0.04610588550567618
440,Mg8 Ga4,no_error,440,0.025969266891479492,0.025969266891479492
441,Cd3 Hg1 S8,No valid decomposition found for PDEntry : Cd3 Hg1 S8 with energy = -42.3054! (e_h: -0.021071036656698183),441,0.0,-0.021071036656698183
442,Ce2 Cl4,no_error,442,0.03295315636528784,0.03295315636528784
443,Ba1 Al3 V3 Cu1 O12,no_error,443,0.22415781021112835,0.22415781021112835
444,Sr5 P15,no_error,444,0.007683753967285156,0.007683753967285156
445,Ce2 Si4 Pt4,no_error,445,0.036264896392822266,0.036264896392822266
446,Te6 Mo4 W4 Se4 S6,no_error,446,0.24547529220581055,0.24547529220581055
447,Li5 Mn1 Al2 O9,no_error,447,0.21236520655014868,0.21236520655014868
448,Rb2 Fe3 F7,no_error,448,0.12536106506983202,0.12536106506983202
449,Te8 Mo2 W6 Se8,no_error,449,0.03945791721343994,0.03945791721343994
450,Na6 C2 O6,no_error,450,0.31966646993869396,0.31966646993869396
451,Ho2 Zr2,no_error,451,0.08108806610107422,0.08108806610107422
452,Li2 Sm2 Co2 Cu4 Ge5,no_error,452,0.14076935450235784,0.14076935450235784
453,Sc1 Cd4 Fe1 F14,no_error,453,0.0244421005249027,0.0244421005249027
454,Li1 Cr2 Cu2 Mo1 O8,no_error,454,0.06409063793364389,0.06409063793364389
455,Al2 Zn2 Ga2 Se10,no_error,455,0.08632029592990875,0.08632029592990875
456,Yb2 Mo4,no_error,456,0.3976825625101723,0.3976825625101723
457,Li2 Pr2 In4,no_error,457,0.05606993039449115,0.05606993039449115
458,Sc2 Ta2 Ru2 Pt2,no_error,458,0.08036422729492188,0.08036422729492188
459,Th1 U1,no_error,459,0.4301488399505615,0.4301488399505615
460,Zn2 In10,no_error,460,0.005078593889872529,0.005078593889872529
461,Cs2 Cu5 S7,no_error,461,0.05682631901332247,0.05682631901332247
462,In16 Cu8,No valid decomposition found for PDEntry : In16 Cu8 with energy = -75.8984! (e_h: -0.0012885729471845409),462,0.0,-0.0012885729471845409
463,Ga6 Ni6,no_error,463,0.036230335235597266,0.036230335235597266
464,Cr2 Ga2 Rh4,no_error,464,0.006851673126220703,0.006851673126220703
465,Y1 Pt1,no_error,465,0.029184818267822266,0.029184818267822266
466,Rb2 Cr1 Cu1 S6,no_error,466,0.005969066172839099,0.005969066172839099
467,Hf2 Mg8 U2 Ag4,no_error,467,0.22362677269690767,0.22362677269690767
468,K2 P12,no_error,468,0.035457770029703184,0.035457770029703184
469,Tm2 In2 Se8,no_error,469,0.04244401057561209,0.04244401057561209
470,Li1 Nb3 Zn1 Co1 Cu1 Pt1 O10,no_error,470,0.375742457694634,0.375742457694634
471,Hf2 In2 Rh4,No valid decomposition found for PDEntry : Hf2 In2 Rh4 with energy = -60.6701! (e_h: -0.006857395172119141),471,0.0,-0.006857395172119141
472,Ba2 Fe6 N7 O1,no_error,472,0.15268853306770325,0.15268853306770325
473,Sc1 P3 S8,no_error,473,0.005609181192190782,0.005609181192190782
474,Li5 Mn2 O9,no_error,474,0.23381167650222778,0.23381167650222778
475,Bi8 O12,no_error,475,0.04747152328491211,0.04747152328491211
476,Ba3 Hf2 Ta1 B2 O12,no_error,476,0.04663677793561405,0.04663677793561405
477,Li2 Cu2 Ge2,No valid decomposition found for PDEntry : Li2 Cu2 Ge2 with energy = -22.6817! (e_h: -0.024337450663248106),477,0.0,-0.024337450663248106
478,Ac1 Ga1,No valid decomposition found for PDEntry : Ac1 Ga1 with energy = -8.0746! (e_h: -0.1484295527140298),478,0.0,-0.1484295527140298
479,Rb3 H6 O7,no_error,479,0.01192772388458252,0.01192772388458252
480,Na1 Li2 V3 O10,no_error,480,0.10356241464614246,0.10356241464614246
481,Nb1 Al12 Ni1 W2,no_error,481,0.04933300614356906,0.04933300614356906
482,B3 F14 He1,No valid decomposition found for PDEntry : B3 F14 He1 with energy = -84.7032! (e_h: -0.029387521247069337),482,0.0,-0.029387521247069337
483,Li4 Ca1 P2 O7,no_error,483,0.17329205929393332,0.17329205929393332
484,Lu4 Zn4 Ni4,no_error,484,0.05878186225891113,0.05878186225891113
485,Nd4 Mg2 Ga4,No valid decomposition found for PDEntry : Nd4 Mg2 Ga4 with energy = -39.7986! (e_h: -0.022305345535277077),485,0.0,-0.022305345535277077
486,Ni4,No valid decomposition found for PDEntry : Ni4 with energy = -22.9865! (e_h: -0.004499912261962891),486,0.0,-0.004499912261962891
487,Hf1 As2 Au5,no_error,487,0.05079426977369472,0.05079426977369472
488,Ce4 Si4 Rh4,No valid decomposition found for PDEntry : Ce4 Si4 Rh4 with energy = -86.6446! (e_h: -0.03625305493672748),488,0.0,-0.03625305493672748
489,Te6 Pb4,No valid decomposition found for PDEntry : Te6 Pb4 with energy = -39.1822! (e_h: -0.07248473167419434),489,0.0,-0.07248473167419434
490,Er1 Al1 Te4 Pb4,no_error,490,0.13236718177795392,0.13236718177795392
491,Gd1 Y1 Er1 Tl1,no_error,491,0.048940837383270264,0.048940837383270264
492,Er2 Ge2 Au2,No valid decomposition found for PDEntry : Er2 Ge2 Au2 with energy = -29.3583! (e_h: -0.033093346489801334),492,0.0,-0.033093346489801334
493,W4 Se3 S5,no_error,493,0.011394858360290527,0.011394858360290527
494,Li2 Cd4 In2,no_error,494,0.019424359003703318,0.019424359003703318
495,Bi2 Sb6 Pd2,no_error,495,0.05795316696167063,0.05795316696167063
496,Zn1 Rh1,No valid decomposition found for PDEntry : Zn1 Rh1 with energy = -9.5471! (e_h: -0.01004934310913086),496,0.0,-0.01004934310913086
497,Yb1 Pd1,No valid decomposition found for PDEntry : Yb1 Pd1 with energy = -8.4373! (e_h: -0.8577152862548827),497,0.0,-0.8577152862548827
498,Ga2 As3 O10,no_error,498,0.03605310122171801,0.03605310122171801
499,Ba3 P2 N5,No valid decomposition found for PDEntry : Ba3 P2 N5 with energy = -68.5652! (e_h: -0.1153285503387469),499,0.0,-0.1153285503387469
500,Li2 Sb2 O6,no_error,500,0.0004763603210449219,0.0004763603210449219
501,Zr2 Si4 Ru4,No valid decomposition found for PDEntry : Zr2 Si4 Ru4 with energy = -84.3015! (e_h: -0.05710277557372834),501,0.0,-0.05710277557372834
502,Li4 Ti1 V1 O8,no_error,502,0.1493248598916166,0.1493248598916166
503,Se8 O12,no_error,503,0.11286859512329084,0.11286859512329084
504,Tm4 Cu2 Au2,no_error,504,1.33514404296875e-05,1.33514404296875e-05
505,Cs2 U1 F6,No valid decomposition found for PDEntry : Cs2 U1 F6 with energy = -56.5706! (e_h: -0.10364206631977879),505,0.0,-0.10364206631977879
506,K1 Ba1 H6 O4,no_error,506,0.06649861733119078,0.06649861733119078
507,Li4 Tm4 Zn4 Pt4,no_error,507,0.10488730669021518,0.10488730669021518
508,Sb2 Pd1 Pt1,No valid decomposition found for PDEntry : Sb2 Pd1 Pt1 with energy = -21.6689! (e_h: -0.014302968978881836),508,0.0,-0.014302968978881836
509,Sr1 Tl2 Fe1 Co4 O9,no_error,509,0.07001397831766987,0.07001397831766987
510,Ce3 Pr3 In6,No valid decomposition found for PDEntry : Ce3 Pr3 In6 with energy = -53.7139! (e_h: -0.03692066669464111),510,0.0,-0.03692066669464111
511,Dy1 Pd1,No valid decomposition found for PDEntry : Dy1 Pd1 with energy = -11.6046! (e_h: -0.003956794738769531),511,0.0,-0.003956794738769531
512,Ho1 Tl2 Ag1 Br6,no_error,512,0.013662290573120295,0.013662290573120295
513,Al4 Hg4 O12,no_error,513,0.21358213424682582,0.21358213424682582
514,Mg8,No valid decomposition found for PDEntry : Mg8 with energy = -12.7702! (e_h: -0.0010873079299928978),514,0.0,-0.0010873079299928978
515,Zr2 Cu5 S1 Cl12,no_error,515,0.05012373924255353,0.05012373924255353
516,S16,no_error,516,0.011560440063476562,0.011560440063476562
517,La2 In5 Cu2 Pd5,no_error,517,0.020609026144896347,0.020609026144896347
518,Pm4 Tl2 Hg2,No valid decomposition found for PDEntry : Pm4 Tl2 Hg2 with energy = -27.8961! (e_h: -0.0029230117797856003),518,0.0,-0.0029230117797856003
519,Li9 Ti1 V1 O7,no_error,519,0.13786747058232862,0.13786747058232862
520,Pa2 Al6,No valid decomposition found for PDEntry : Pa2 Al6 with energy = -43.6782! (e_h: -0.008315563201904297),520,0.0,-0.008315563201904297
521,Pb2 I4,No valid decomposition found for PDEntry : Pb2 I4 with energy = -19.0376! (e_h: -0.0017011165618896484),521,0.0,-0.0017011165618896484
522,Cr4 B9,no_error,522,0.06406469528491598,0.06406469528491598
523,Be3 Rh3,No valid decomposition found for PDEntry : Be3 Rh3 with energy = -37.4630! (e_h: -0.0023670196533203125),523,0.0,-0.0023670196533203125
524,Ho4 Ge4 Pd4,No valid decomposition found for PDEntry : Ho4 Ge4 Pd4 with energy = -69.3173! (e_h: -0.01254129409790039),524,0.0,-0.01254129409790039
525,Mg4 Ti1 Mn1 V1 B8 O1,no_error,525,0.5967692695558071,0.5967692695558071
526,Tb4 Dy2 Tl2,no_error,526,0.05863634745279889,0.05863634745279889
527,Sn2 Hg2 Rh4,no_error,527,0.10562590509653091,0.10562590509653091
528,Li2 Mg4 Cr2 S8,no_error,528,0.09080362319946289,0.09080362319946289
529,Mn4 Cr1 O10 F1,no_error,529,0.12139321035808859,0.12139321035808859
530,B2 C1 O6,no_error,530,0.41596364974975586,0.41596364974975586
531,Ti1 Fe1 Si2 Mo1 S7,no_error,531,0.20512037399487593,0.20512037399487593
532,Li3 V5 O12,no_error,532,0.06694908142091283,0.06694908142091283
533,Rb1 Sr1 Br3,no_error,533,0.04591631889343262,0.04591631889343262
534,Cs1 Sr1 I3,no_error,534,0.025938987731933594,0.025938987731933594
535,Cs2 K1 Y1 F6,No valid decomposition found for PDEntry : Cs2 K1 Y1 F6 with energy = -56.8112! (e_h: -6.866455078125e-05),535,0.0,-6.866455078125
536,H3 C4 O9,no_error,536,0.1427907794713974,0.1427907794713974
537,Na6 P2 O7 F5,no_error,537,0.13370793660481795,0.13370793660481795
538,Eu2 As4 Rh4,No valid decomposition found for PDEntry : Eu2 As4 Rh4 with energy = -77.4494! (e_h: -0.009200572967529297),538,0.0,-0.009200572967529297
539,Yb8 B8,No valid decomposition found for PDEntry : Yb8 B8 with energy = -67.2792! (e_h: -0.11279550933837879),539,0.0,-0.11279550933837879
540,Mg2 Co2 Ge2 O10,no_error,540,0.08136361837387085,0.08136361837387085
541,Si6 O11,no_error,541,0.3469993086422196,0.3469993086422196
542,Ca2 Ti1 Mn1 Cd1 Pt3 O10,no_error,542,0.14996097617679105,0.14996097617679105
543,Ca3 Ge3 O12,no_error,543,0.2920203208923313,0.2920203208923313
544,Sn1 S2 O7,no_error,544,0.10315344333648557,0.10315344333648557
545,Ce4 Al1 Cd5,no_error,545,0.08366247415542594,0.08366247415542594
546,Mg2 O4,no_error,546,0.3626534144083653,0.3626534144083653
547,Li1 Cd1,No valid decomposition found for PDEntry : Li1 Cd1 with energy = -3.3390! (e_h: -0.015409350395202637),547,0.0,-0.015409350395202637
548,Rb3 Bi3 O6,no_error,548,0.051039218902586114,0.051039218902586114
549,Bi5 S2 O11,no_error,549,0.12642240193155008,0.12642240193155008
550,Cs2 Sc1 Hg1 I6,no_error,550,0.01966277882456824,0.01966277882456824
551,V3 H2 F12,No valid decomposition found for PDEntry : V3 H2 F12 with energy = -104.4412! (e_h: -0.022351180805880055),551,0.0,-0.022351180805880055
552,S12,no_error,552,0.0056438446044921875,0.0056438446044921875
553,Rb4 Li2 Ir2 F12,no_error,553,0.023048496246336647,0.023048496246336647
554,V1 Fe1 Re2 Os2 Rh2,no_error,554,0.003699139312463018,0.003699139312463018
555,Y2 Ho2 Sc2 Sn2,no_error,555,0.011173587375216343,0.011173587375216343
556,Na6 Ti3 O10,no_error,556,0.052098503686432984,0.052098503686432984
557,Yb2 Al2 Pd8,No valid decomposition found for PDEntry : Yb2 Al2 Pd8 with energy = -61.4011! (e_h: -0.3400065625508626),557,0.0,-0.3400065625508626
558,La2 Sm1 Cu2 Se5 O2,no_error,558,0.07529211044309836,0.07529211044309836
559,Ce3 Al5 Si2 Pd1,no_error,559,0.0264322540976778,0.0264322540976778
560,Li2 Pb4 F10,no_error,560,0.04848432540893555,0.04848432540893555
561,Rb2 B3 O7,no_error,561,0.19346976280212402,0.19346976280212402
562,Hg6 O8,no_error,562,0.05065734045846115,0.05065734045846115
563,Sc8 Se12,no_error,563,0.022187232971191406,0.022187232971191406
564,Yb8 Si3,No valid decomposition found for PDEntry : Yb8 Si3 with energy = -31.7272! (e_h: -0.328286398454146),564,0.0,-0.328286398454146
565,Li3 Lu2 Si7 Sb1,no_error,565,0.12301760453443933,0.12301760453443933
566,Bi2 O3,no_error,566,0.07204818725585938,0.07204818725585938
567,Dy2 Tl2 Te2 Se2,No valid decomposition found for PDEntry : Dy2 Tl2 Te2 Se2 with energy = -38.6955! (e_h: -0.011507034301757812),567,0.0,-0.011507034301757812
568,Mg3 In2 Au1,no_error,568,0.010132789611816406,0.010132789611816406
569,Li3 Co2 W2 O11,no_error,569,0.07344913482665838,0.07344913482665838
570,Li8 Ag4 Bi4,No valid decomposition found for PDEntry : Li8 Ag4 Bi4 with energy = -47.8145! (e_h: -0.001138448715210405),570,0.0,-0.001138448715210405
571,Zn1 Ru1,No valid decomposition found for PDEntry : Zn1 Ru1 with energy = -10.6842! (e_h: -0.04739173253377338),571,0.0,-0.04739173253377338
572,Zr3 Zn3 Ni6,No valid decomposition found for PDEntry : Zr3 Zn3 Ni6 with energy = -69.0813! (e_h: -0.0058879852294921875),572,0.0,-0.0058879852294921875
573,Na9 W1 O10,no_error,573,0.07471108436584473,0.07471108436584473
574,Ce1 Al3 Ag1 As2 O13,no_error,574,0.14460716247558736,0.14460716247558736
575,Y2 Ho2 Pt4,no_error,575,0.022018909454343927,0.022018909454343927
576,Li3 Sc3 Cu3 Hg3,no_error,576,0.20949240525563573,0.20949240525563573
577,Ga9 Ir2 Pd1,no_error,577,0.02093324661255025,0.02093324661255025
578,Ba1 Ga4,No valid decomposition found for PDEntry : Ba1 Ga4 with energy = -16.0702! (e_h: -0.003977537155151367),578,0.0,-0.003977537155151367
579,Th2 Al6 Zn2,No valid decomposition found for PDEntry : Th2 Al6 Zn2 with energy = -43.4892! (e_h: -0.027183356004602643),579,0.0,-0.027183356004602643
580,Eu4 In2 Sn2,No valid decomposition found for PDEntry : Eu4 In2 Sn2 with energy = -59.3606! (e_h: -0.018865108489990234),580,0.0,-0.018865108489990234
581,Ti4 O8,no_error,581,0.08632183074950994,0.08632183074950994
582,Zn1 Cu5 Ge4 Te4,no_error,582,0.07969301939010531,0.07969301939010531
583,S16,no_error,583,0.0072231292724609375,0.0072231292724609375
584,Zr1 Nb1 Sb4,no_error,584,0.0674293041229248,0.0674293041229248
585,Ta3 Be3 Tc3 Ni3,no_error,585,0.3201007843017578,0.3201007843017578
586,Fe2 P2 O9,no_error,586,0.17284022844754787,0.17284022844754787
587,Y1 Bi4 B1 I6,no_error,587,0.19333561261494925,0.19333561261494925
588,Li2 V2 Te1 F11,no_error,588,0.1332017816603166,0.1332017816603166
589,Mn4 Co10 Si8,no_error,589,0.1615123748779288,0.1615123748779288
590,Pu2 Pt2,No valid decomposition found for PDEntry : Pu2 Pt2 with energy = -42.3586! (e_h: -0.007503509521482599),590,0.0,-0.007503509521482599
591,Al2 W2 N6,no_error,591,0.044752311706544035,0.044752311706544035
592,Sm4 Ga9,no_error,592,0.026067953843337044,0.026067953843337044
593,Cu7 O9,no_error,593,0.10860484838485718,0.10860484838485718
594,Sr2 Ga6 Pt2,No valid decomposition found for PDEntry : Sr2 Ga6 Pt2 with energy = -40.6670! (e_h: -0.14797424475352017),594,0.0,-0.14797424475352017
595,Zn1 Re1 O6,no_error,595,0.3692936897277832,0.3692936897277832
596,Ho1 Mg7,no_error,596,0.024627745151519775,0.024627745151519775
597,Li8 Fe1 Ru1 O8,no_error,597,0.07097450892129764,0.07097450892129764
598,Nb3 Zn1 Cr1 Cu3 Re1 Ru1 N7,no_error,598,0.22079728631412365,0.22079728631412365
599,Na1 Sr2 Te1 I8,No valid decomposition found for PDEntry : Na1 Sr2 Te1 I8 with energy = -36.4206! (e_h: -0.0305914978186288),599,0.0,-0.0305914978186288
600,Tl3 W1 S8,no_error,600,0.027363687753677368,0.027363687753677368
601,Ac2 Dy6,no_error,601,0.029698053995768525,0.029698053995768525
602,Ba1 In1 Sn1 Hg1 Te5 As2 Se4,no_error,602,0.012141447265948013,0.012141447265948013
603,Sc1 Ge3 N2,no_error,603,0.5768961111704503,0.5768961111704503
604,Mg1 V3 O8,no_error,604,0.02304553985595703,0.02304553985595703
605,P1 Se11,No valid decomposition found for PDEntry : P1 Se11 with energy = -46.1408! (e_h: -0.0812434554100041),605,0.0,-0.0812434554100041
606,Tl15 In1,No valid decomposition found for PDEntry : Tl15 In1 with energy = -37.8294! (e_h: -0.000669330358505249),606,0.0,-0.000669330358505249
607,Sm2 I4,No valid decomposition found for PDEntry : Sm2 I4 with energy = -24.4448! (e_h: -0.020762019687229127),607,0.0,-0.020762019687229127
608,U1 Zn2 Ni1 Br3 Cl1 O12,no_error,608,0.1573397204279896,0.1573397204279896
609,In1 Co1 Ni2 B1,no_error,609,0.068709547299866,0.068709547299866
610,Mg1 Ag2 Sb3 Se3,no_error,610,0.046722094217936494,0.046722094217936494
611,Ba1 Eu1 Sb13 Te1 H1,no_error,611,0.03160399549147819,0.03160399549147819
612,Nb4 Se4,no_error,612,0.11664965748787282,0.11664965748787282
613,Li3 Ga1 Ag2,No valid decomposition found for PDEntry : Li3 Ga1 Ag2 with energy = -15.9260! (e_h: -0.001461744308473012),613,0.0,-0.001461744308473012
614,Y1 Sn9 Hg1 Ge1 Au4,no_error,614,0.02495712973177433,0.02495712973177433
615,Na7 Mg3 Al1 O9,no_error,615,0.1169992625713343,0.1169992625713343
616,Cd2 Cu4 O2 F10,no_error,616,0.09676716062757773,0.09676716062757773
617,Nb6 Co6,no_error,617,0.05638769694737,0.05638769694737
618,La1 Si1 Pd1,No valid decomposition found for PDEntry : La1 Si1 Pd1 with energy = -18.3099! (e_h: -0.010045528411865234),618,0.0,-0.010045528411865234
619,Sr4 Hg4 Sb4,No valid decomposition found for PDEntry : Sr4 Hg4 Sb4 with energy = -33.6729! (e_h: -0.07587582667069048),619,0.0,-0.07587582667069048
620,V1 H4 O7,no_error,620,0.06708119710286464,0.06708119710286464
621,Ca2 Mn1 Zn2 Co1 Ge4,no_error,621,0.047689008712769265,0.047689008712769265
622,Mg1 Bi11 Br6,no_error,622,0.025382796923318907,0.025382796923318907
623,Nd2 Al4 Fe2 Ge2,no_error,623,0.06395769119262873,0.06395769119262873
624,Er4 Zn4 Sn4 Au4,No valid decomposition found for PDEntry : Er4 Zn4 Sn4 Au4 with energy = -61.9789! (e_h: -0.01208784917126593),624,0.0,-0.01208784917126593
625,Gd2 Te4,No valid decomposition found for PDEntry : Gd2 Te4 with energy = -49.8241! (e_h: -0.0001697540283203125),625,0.0,-0.0001697540283203125
626,Sr4 Ca2 Eu1 Ga2 O8,no_error,626,0.14918708801269354,0.14918708801269354
627,Rb1 H8 C3 O8,no_error,627,0.13787201046943753,0.13787201046943753
628,Er2 Ni10,no_error,628,0.029101751468797232,0.029101751468797232
629,Ho4 Ga3 Si1 Ni2,no_error,629,0.008651638031007991,0.008651638031007991
630,Cs2 Ho2 S4,No valid decomposition found for PDEntry : Cs2 Ho2 S4 with energy = -44.1091! (e_h: -0.0029973983764648438),630,0.0,-0.0029973983764648438
631,Te8 Mo6 W4 S6,no_error,631,0.3507881164550781,0.3507881164550781
632,Mg2 Zn2 Sn2,no_error,632,0.03907781618612738,0.03907781618612738
633,Li2 In2 Pt4,No valid decomposition found for PDEntry : Li2 In2 Pt4 with energy = -38.3415! (e_h: -0.00652313232421875),633,0.0,-0.00652313232421875
634,Rb4 Cu4 S8,no_error,634,0.019047264009714127,0.019047264009714127
635,Cu2 Sn2 Sb2 Ru2,no_error,635,0.07267993688583374,0.07267993688583374
636,Li8 Cd4 S8,no_error,636,0.03627877235412669,0.03627877235412669
637,Cs2 Rb1 Tl1 F6,No valid decomposition found for PDEntry : Cs2 Rb1 Tl1 F6 with energy = -43.6740! (e_h: -0.0003323554992675781),637,0.0,-0.0003323554992675781
638,Sm4 Er4 Hg8,No valid decomposition found for PDEntry : Sm4 Er4 Hg8 with energy = -47.0000! (e_h: -0.0036706924438476562),638,0.0,-0.0036706924438476562
639,Rb2 Fe3 O5 F4,no_error,639,0.23660256749107766,0.23660256749107766
640,K2 Rb1 Sc1 Br6,no_error,640,0.05178445180257185,0.05178445180257185
641,Pt14,No valid decomposition found for PDEntry : Pt14 with energy = -85.2933! (e_h: -0.006802558898925781),641,0.0,-0.006802558898925781
642,Yb3 Er3 Hg6,No valid decomposition found for PDEntry : Yb3 Er3 Hg6 with energy = -26.6389! (e_h: -0.2673245258331298),642,0.0,-0.2673245258331298
643,Pu2 Zn2 Cu2 Pd2,no_error,643,0.2001490592956543,0.2001490592956543
644,Li2 V2 O6,no_error,644,0.03400850296020508,0.03400850296020508
645,K8 Sn7,No valid decomposition found for PDEntry : K8 Sn7 with energy = -41.0327! (e_h: -0.020047823588053237),645,0.0,-0.020047823588053237
646,Er2 I2 O2,No valid decomposition found for PDEntry : Er2 I2 O2 with energy = -40.6383! (e_h: -0.12241183386908716),646,0.0,-0.12241183386908716
647,Lu3 Al3 Cd3 Cu9,No valid decomposition found for PDEntry : Lu3 Al3 Cd3 Cu9 with energy = -69.7813! (e_h: -0.03750557369656038),647,0.0,-0.03750557369656038
648,Li2 Al2 Sn1,no_error,648,0.024142599105835938,0.024142599105835938
649,Y1 Sn4 Au1,no_error,649,0.09082281589508057,0.09082281589508057
650,Sc4 Al2 Cu2,no_error,650,0.041930198669433594,0.041930198669433594
651,H3 S2 O9,no_error,651,0.056278620447431926,0.056278620447431926
652,Gd2 Al2 Fe8,no_error,652,0.021053554206492464,0.021053554206492464
653,V1 Pt3,no_error,653,0.050595760345458984,0.050595760345458984
654,Ti2 S2,no_error,654,0.13790369033813477,0.13790369033813477
655,Ca3 Ti1 Fe1 O5,no_error,655,0.3151040077209464,0.3151040077209464
656,Ce11 Co1 Sn2 Sb3,no_error,656,0.024434019537533658,0.024434019537533658
657,Yb2 Eu2 Mg4 Al4,No valid decomposition found for PDEntry : Yb2 Eu2 Mg4 Al4 with energy = -47.7466! (e_h: -0.02852290121714285),657,0.0,-0.02852290121714285
658,Pr3 Cu3 Sn3,no_error,658,0.034700870513916016,0.034700870513916016
659,Li2 Yb4 Al2,no_error,659,0.00804742431640637,0.00804742431640637
660,Ni2 Rh14,no_error,660,0.00749814510345459,0.00749814510345459
661,Li1 Ce5 Co4 S8,no_error,661,0.21896672248840243,0.21896672248840243
662,Mg2 Sc4 Zn28 Fe2,no_error,662,0.028056046045151994,0.028056046045151994
663,Sr1 Nd1 Ta1 Cu1 O6,no_error,663,0.05711727142334411,0.05711727142334411
664,Li2 Ti1 Mn1 Cr4 O12,no_error,664,0.03821644783020339,0.03821644783020339
665,H11 O9,no_error,665,0.04447616338729876,0.04447616338729876
666,Ga3 Bi1 B4 O12,No valid decomposition found for PDEntry : Ga3 Bi1 B4 O12 with energy = -148.7728! (e_h: -0.008271574974060059),666,0.0,-0.008271574974060059
667,Tl4,No valid decomposition found for PDEntry : Tl4 with energy = -9.3884! (e_h: -0.005608797073364258),667,0.0,-0.005608797073364258
668,Si3 H2 O7,no_error,668,0.044412970542907715,0.044412970542907715
669,Ti1 Cu5 Sn1 Sb1 S8,no_error,669,0.0647597461938858,0.0647597461938858
670,Na1 V6 O13,no_error,670,0.1227067947387468,0.1227067947387468
671,Ti4 Cu2,No valid decomposition found for PDEntry : Ti4 Cu2 with energy = -40.0640! (e_h: -0.0026497840881347656),671,0.0,-0.0026497840881347656
672,Li3 Co5 O8,no_error,672,0.00739622116087979,0.00739622116087979
673,Ta2 Tl4 Cl9 O2,No valid decomposition found for PDEntry : Ta2 Tl4 Cl9 O2 with energy = -91.0043! (e_h: -0.00281181054956825),673,0.0,-0.00281181054956825
674,Cs1 H16 N2 O1,no_error,674,0.037486112117768755,0.037486112117768755
675,Y4 S4,No valid decomposition found for PDEntry : Y4 S4 with energy = -60.1734! (e_h: -0.0007519721984863281),675,0.0,-0.0007519721984863281
676,Mg1 Ru1,no_error,676,0.10502107938130667,0.10502107938130667
677,La1 Pr3 S4 O11,no_error,677,0.19152087323806644,0.19152087323806644
678,Pr2 Ni2 Ge2,no_error,678,0.006721019744874823,0.006721019744874823
679,Y3 In11 Ge1,no_error,679,0.021420629819234094,0.021420629819234094
680,Nd2 Mn2 Ge2,no_error,680,0.08667596181233606,0.08667596181233606
681,Mn2 H2 S2,no_error,681,0.1756738821665449,0.1756738821665449
682,Pr2 B4 Rh4 C2,No valid decomposition found for PDEntry : Pr2 B4 Rh4 C2 with energy = -90.9934! (e_h: -0.0016469955444335938),682,0.0,-0.0016469955444335938
683,Cu4 Pd4,No valid decomposition found for PDEntry : Cu4 Pd4 with energy = -38.1208! (e_h: -0.0017251968383789062),683,0.0,-0.0017251968383789062
684,Si5 Bi1 O14,no_error,684,0.2570542097091675,0.2570542097091675
685,Li2 Ta2 Ge4 S8,no_error,685,0.07898714641730198,0.07898714641730198
686,Pm1 Cd1,No valid decomposition found for PDEntry : Pm1 Cd1 with energy = -6.3165! (e_h: -0.09993112087249756),686,0.0,-0.09993112087249756
687,Cs6 Al2 O6,no_error,687,0.07624673843383789,0.07624673843383789
688,Li4 Al6 Ni18 Sn2 Ge2,no_error,688,0.11112524569034488,0.11112524569034488
689,Sr1 P1 Pt1,No valid decomposition found for PDEntry : Sr1 P1 Pt1 with energy = -16.5437! (e_h: -0.0021228790283203125),689,0.0,-0.0021228790283203125
690,Gd5 P4 Pt3,no_error,690,0.13120174407958984,0.13120174407958984
691,Rb6 Na3 In3 F18,no_error,691,1.33514404296875e-05,1.33514404296875e-05
692,Ga3 S7,no_error,692,0.05028223991394043,0.05028223991394043
693,Sr2 Al6 Ni2,no_error,693,0.015545272827147905,0.015545272827147905
694,Ce2 Pr2 Gd2 U2 O16,no_error,694,0.054953893025718514,0.054953893025718514
695,Bi5 Se2 O11,no_error,695,0.06640911985326703,0.06640911985326703
696,Cr1 Co1 Ni7 Ge4,no_error,696,0.12659141344901936,0.12659141344901936
697,Rb2 Pr1 Sc1 I6,no_error,697,0.057497039794922156,0.057497039794922156
698,Na2 Ni2 F8,no_error,698,0.008508629269067924,0.008508629269067924
699,Mn12 Al2 Co1,no_error,699,0.08752638498942034,0.08752638498942034
700,K1 Li1 Al1 P2 O8,no_error,700,0.049513541735129785,0.049513541735129785
701,Dy8 Cu14,no_error,701,0.10383935408158784,0.10383935408158784
702,Rb1 N1 O3,no_error,702,0.015714645385742188,0.015714645385742188
703,Pt4,No valid decomposition found for PDEntry : Pt4 with energy = -24.3698! (e_h: -0.0068798065185546875),703,0.0,-0.0068798065185546875
704,Nd2 Co4 As4,No valid decomposition found for PDEntry : Nd2 Co4 As4 with energy = -63.9097! (e_h: -0.0041942596435546875),704,0.0,-0.0041942596435546875
705,Hg6 Cl5 O1,No valid decomposition found for PDEntry : Hg6 Cl5 O1 with energy = -25.1593! (e_h: -0.0011300245920820018),705,0.0,-0.0011300245920820018
706,Li3 V2 Cl3 O2,no_error,706,0.25836337407430054,0.25836337407430054
707,Te6 Mo6 W2 Se4 S6,no_error,707,0.08406531810760498,0.08406531810760498
708,Sm1 Cu1,no_error,708,0.0002837181091308594,0.0002837181091308594
709,K6 C3 O10,no_error,709,0.5140182595503937,0.5140182595503937
710,Pr2 Bi4,No valid decomposition found for PDEntry : Pr2 Bi4 with energy = -28.8596! (e_h: -0.009744962056478457),710,0.0,-0.009744962056478457
711,Sr2 Cu2 As2 O2,no_error,711,0.31568991144497893,0.31568991144497893
712,Er10 Al6 Os2,no_error,712,0.005059408763097295,0.005059408763097295
713,Cr6 B6 P3 S3,no_error,713,0.2685947683122425,0.2685947683122425
714,Cs2 Rb1 Al1 Br6,no_error,714,0.06332626342773384,0.06332626342773384
715,Y3 Ga3 Rh3,no_error,715,0.06418418884277344,0.06418418884277344
716,Li2 Tb2 Bi2,No valid decomposition found for PDEntry : Li2 Tb2 Bi2 with energy = -25.0593! (e_h: -0.07509342829386423),716,0.0,-0.07509342829386423
717,Li2 Y1 Mn2 F13,no_error,717,0.05282364951239149,0.05282364951239149
718,Na2 U4 Cu4 Se4,no_error,718,0.5895342145647309,0.5895342145647309
719,Y5 In11,no_error,719,0.04519033432006836,0.04519033432006836
720,Al1 Mo1 O4,no_error,720,0.2685003280639595,0.2685003280639595
721,P6 O14,no_error,721,0.02375052452087356,0.02375052452087356
722,Pr2 Zn4 Ge4,No valid decomposition found for PDEntry : Pr2 Zn4 Ge4 with energy = -37.7868! (e_h: -0.02812295754750549),722,0.0,-0.02812295754750549
723,Li8 C3 I2,no_error,723,0.16549282807570265,0.16549282807570265
724,Mg22 Ga2,no_error,724,0.003517572993711582,0.003517572993711582
725,H8 C1 N3,no_error,725,0.17764699459075928,0.17764699459075928
726,Sc3 S3,No valid decomposition found for PDEntry : Sc3 S3 with energy = -43.9745! (e_h: -8.058547973632812e-05),726,0.0,-8.058547973632812
727,Gd4 C2 Br2,No valid decomposition found for PDEntry : Gd4 C2 Br2 with energy = -86.6555! (e_h: -0.0008258819580078125),727,0.0,-0.0008258819580078125
728,Ag7 Ge3,no_error,728,0.0704643726348877,0.0704643726348877
729,Sr4 Cu4 S8,no_error,729,0.07699155807495117,0.07699155807495117
730,Li4 Al4 Pt4,no_error,730,0.0584095319112139,0.0584095319112139
731,Mg2 Co8 O16,no_error,731,0.011645977313697209,0.011645977313697209
732,Mg2 Zn1 Ge1 Pd4,no_error,732,0.0944979190826416,0.0944979190826416
733,Th2 Si2 As2,no_error,733,0.23622035980224432,0.23622035980224432
734,Rb2 Ce2 F6,no_error,734,0.03392080068588221,0.03392080068588221
735,Te4,No valid decomposition found for PDEntry : Te4 with energy = -12.7249! (e_h: -0.024317264556884766),735,0.0,-0.024317264556884766
736,Fe3 As3 Pd3,no_error,736,0.04788541793823242,0.04788541793823242
737,La1 Y3 In4 O12,no_error,737,0.035091519355773926,0.035091519355773926
738,Na2 Y2,no_error,738,0.2559034824371338,0.2559034824371338
739,As5 S7,no_error,739,0.011036523077224025,0.011036523077224025
740,Ti2 Cu26 Sn2 Pd2,no_error,740,0.07266119867563248,0.07266119867563248
741,Er4 Fe4 Ge4,No valid decomposition found for PDEntry : Er4 Fe4 Ge4 with energy = -77.1265! (e_h: -0.004030130694250289),741,0.0,-0.004030130694250289
742,Li2 V1 P2 O8,no_error,742,0.09011579171206918,0.09011579171206918
743,Sc2 Ga2 Pd4,No valid decomposition found for PDEntry : Sc2 Ga2 Pd4 with energy = -46.3908! (e_h: -0.00231170654296875),743,0.0,-0.00231170654296875
744,Dy2 Co2 O3 F1,no_error,744,0.633966863155365,0.633966863155365
745,Ag1 P2 F11,no_error,745,0.011298315865652775,0.011298315865652775
746,Nb3 Fe6 Si5 Ni1,no_error,746,0.09416459754661233,0.09416459754661233
747,Rb2 Ga1 F5,No valid decomposition found for PDEntry : Rb2 Ga1 F5 with energy = -38.7981! (e_h: -0.022973060607911044),747,0.0,-0.022973060607911044
748,K2 Sn1 S2,no_error,748,0.0030663743615164663,0.0030663743615164663
749,Cs2 Ho1 In1 Cl6,no_error,749,0.026863956451412818,0.026863956451412818
750,H8 C2 N2 O1,no_error,750,0.18595504760742188,0.18595504760742188
751,Ca2 Si4 Pt4,No valid decomposition found for PDEntry : Ca2 Si4 Pt4 with energy = -59.1666! (e_h: -0.09483108520507777),751,0.0,-0.09483108520507777
752,K2 B1 H1 C4 O12,no_error,752,0.15064165592193834,0.15064165592193834
753,Yb2 Tl2 Sn4,No valid decomposition found for PDEntry : Yb2 Tl2 Sn4 with energy = -26.7748! (e_h: -0.4071814405123395),753,0.0,-0.4071814405123395
754,Ce2 Mg4 Ga4,No valid decomposition found for PDEntry : Ce2 Mg4 Ga4 with energy = -34.0725! (e_h: -0.01586704254150373),754,0.0,-0.01586704254150373
755,Tb4 In1 Ga3 Pt7,no_error,755,0.05381650924682457,0.05381650924682457
756,Ba2 Lu2 O6,no_error,756,0.05791406631470508,0.05791406631470508
757,Ga11 Ni8,no_error,757,0.03702008375647381,0.03702008375647381
758,Li5 Zn1 P2 O10,no_error,758,0.18149770630730977,0.18149770630730977
759,Li3 Mg6 Pd3,No valid decomposition found for PDEntry : Li3 Mg6 Pd3 with energy = -36.4319! (e_h: -0.0040655136108394),759,0.0,-0.0040655136108394
760,Zn1 In4 S7,no_error,760,0.150566140810648,0.150566140810648
761,Hf1 In16 Pt3,No valid decomposition found for PDEntry : Hf1 In16 Pt3 with energy = -76.5339! (e_h: -0.010093951225281117),761,0.0,-0.010093951225281117
762,K3 Ba1 Cu6 O10,no_error,762,0.14564136266708338,0.14564136266708338
763,Sc4 Zn2 Cu2,no_error,763,0.012896299362182617,0.012896299362182617
764,Yb3 Mg3 Pt3,No valid decomposition found for PDEntry : Yb3 Mg3 Pt3 with energy = -34.9218! (e_h: -0.3157469679514566),764,0.0,-0.3157469679514566
765,Li2 Cu2 F6,no_error,765,0.011996459960937678,0.011996459960937678
766,Y3 Cd1 Fe1 Cu1 S8,no_error,766,0.16490493501935788,0.16490493501935788
767,Ba1 Sc1 O2,no_error,767,0.20318046212195995,0.20318046212195995
768,P1 S8,no_error,768,0.03661346435546875,0.03661346435546875
769,Li1 Er3 F10,no_error,769,0.05855519430977907,0.05855519430977907
770,Ni1 Ag1 Ge1 O5,no_error,770,0.15569695830345154,0.15569695830345154
771,Ac1 Mg1,No valid decomposition found for PDEntry : Ac1 Mg1 with energy = -5.8602! (e_h: -0.0003719329833984375),771,0.0,-0.0003719329833984375
772,Zr4 As4 Se4,no_error,772,0.01538062095642001,0.01538062095642001
773,Sr1 Ga2 Cu3,No valid decomposition found for PDEntry : Sr1 Ga2 Cu3 with energy = -21.5885! (e_h: -0.022554516792297363),773,0.0,-0.022554516792297363
774,Sc4 Cd2 S8,no_error,774,0.002682072775703759,0.002682072775703759
775,Li1 Ca2 Ag1,no_error,775,0.0017496535652568035,0.0017496535652568035
776,W2 S2 O10,no_error,776,0.02760707054819278,0.02760707054819278
777,K2 Sr1 Hg6 I11,No valid decomposition found for PDEntry : K2 Sr1 Hg6 I11 with energy = -41.3062! (e_h: -0.01850250661373165),777,0.0,-0.01850250661373165
778,Ni1 H13 O6,no_error,778,0.2212629795074461,0.2212629795074461
779,V3 O5 F8,no_error,779,0.11787843704223633,0.11787843704223633
780,Er4 Fe8,No valid decomposition found for PDEntry : Er4 Fe8 with energy = -87.2737! (e_h: -0.0015392303466796875),780,0.0,-0.0015392303466796875
781,Ca1 Tl1 Cl3,no_error,781,0.03409099578857244,0.03409099578857244
782,Li1 B4 F12,no_error,782,0.09018308976117861,0.09018308976117861
783,Ba2 La6 N2,no_error,783,0.1382261753082279,0.1382261753082279
784,Pm4 Ga2 Pt2,No valid decomposition found for PDEntry : Pm4 Ga2 Pt2 with energy = -43.5327! (e_h: -0.48204660415649414),784,0.0,-0.48204660415649414
785,Pm4 Ga2 Au2,No valid decomposition found for PDEntry : Pm4 Ga2 Au2 with energy = -36.9478! (e_h: -0.2283799648284912),785,0.0,-0.2283799648284912
786,Mn2 Fe1 Sn1 Se8,no_error,786,0.02598583698272705,0.02598583698272705
787,Pt2 S2 O2,no_error,787,0.5901222229003906,0.5901222229003906
788,Pr1 Ta3 O10,no_error,788,0.16327292578561092,0.16327292578561092
789,Tl1 I1,No valid decomposition found for PDEntry : Tl1 I1 with energy = -5.6468! (e_h: -0.0007033348083496094),789,0.0,-0.0007033348083496094
790,Tb1 Mg1 Sc1 Cd1,No valid decomposition found for PDEntry : Tb1 Mg1 Sc1 Cd1 with energy = -14.2459! (e_h: -0.004177165031431507),790,0.0,-0.004177165031431507
791,Zn1 Mo1 H6 O8,no_error,791,0.13593629002571106,0.13593629002571106
792,Ba1 Li1 Cu3 Si1 O6,no_error,792,0.1299831867217982,0.1299831867217982
793,Sc2 Cu2 Bi2 O10,no_error,793,0.05263161659240723,0.05263161659240723
794,Sn2 Pd2 Br2,no_error,794,0.090201735496521,0.090201735496521
795,Cs2 Os1 Br6,No valid decomposition found for PDEntry : Cs2 Os1 Br6 with energy = -34.6874! (e_h: -0.0857545534769697),795,0.0,-0.0857545534769697
796,Sc4 Si2 Pd6,No valid decomposition found for PDEntry : Sc4 Si2 Pd6 with energy = -78.8016! (e_h: -0.039367119471231504),796,0.0,-0.039367119471231504
797,Ca2 Mn4 P4,No valid decomposition found for PDEntry : Ca2 Mn4 P4 with energy = -70.1835! (e_h: -0.05311476843697527),797,0.0,-0.05311476843697527
798,Na1 H8 Os1,No valid decomposition found for PDEntry : Na1 H8 Os1 with energy = -41.9804! (e_h: -0.1047528028488145),798,0.0,-0.1047528028488145
799,Tl1 Co1 S2,no_error,799,0.04639032483100802,0.04639032483100802
800,Hf4 Co4 Ge4,No valid decomposition found for PDEntry : Hf4 Co4 Ge4 with energy = -94.4938! (e_h: -0.0037293434143066406),800,0.0,-0.0037293434143066406
801,Zn1 Cu3 P3 H1 O10,no_error,801,0.13003232744004656,0.13003232744004656
802,Mn2 Fe2,no_error,802,0.03958829243977924,0.03958829243977924
803,V3 Zn1 O8,no_error,803,0.028244972229003906,0.028244972229003906
804,Y1 Al1 Ga2 Ge1,no_error,804,0.00612011750539132,0.00612011750539132
805,Sr3 Li1 V3 O13,no_error,805,0.1519219239552818,0.1519219239552818
806,Sr4 Ga2 As2 O12,no_error,806,0.12782886028285656,0.12782886028285656
807,Li6 Pd2,No valid decomposition found for PDEntry : Li6 Pd2 with energy = -24.1682! (e_h: -0.0014204978942871094),807,0.0,-0.0014204978942871094
808,Hf12 Mn12 Sn6,no_error,808,0.21954452991485596,0.21954452991485596
809,Lu8 O12,no_error,809,0.09151840209960938,0.09151840209960938
810,Cr4 F8,no_error,810,0.046855926513671875,0.046855926513671875
811,Li8 C2 N6,no_error,811,0.12997187674045563,0.12997187674045563
812,Ca4 Cd2 Pd2,no_error,812,0.04856733481089304,0.04856733481089304
813,Er2 Ge4,no_error,813,0.07598845163980972,0.07598845163980972
814,Na3 Sn1 H4,no_error,814,0.04382153352101703,0.04382153352101703
815,Ba4 Ca4,no_error,815,0.005826115608215332,0.005826115608215332
816,Gd4 Sn4 Rh8,No valid decomposition found for PDEntry : Gd4 Sn4 Rh8 with energy = -143.3789! (e_h: -0.0006589889526367188),816,0.0,-0.0006589889526367188
817,Ca9 C3 Br3,no_error,817,0.17079133987426776,0.17079133987426776
818,Ba1 Gd7 S7,no_error,818,0.023013067245482688,0.023013067245482688
819,Li1 Ca1,no_error,819,0.025079578161239624,0.025079578161239624
820,Ni4,No valid decomposition found for PDEntry : Ni4 with energy = -22.9738! (e_h: -0.0013370513916015625),820,0.0,-0.0013370513916015625
821,Fe2 Cl6,No valid decomposition found for PDEntry : Fe2 Cl6 with energy = -36.9577! (e_h: -0.00031709671020418995),821,0.0,-0.00031709671020418995
822,La4 Si8,No valid decomposition found for PDEntry : La4 Si8 with energy = -70.3757! (e_h: -0.007286548614501953),822,0.0,-0.007286548614501953
823,Sr2 Zn1 Cd1 Ag1 Sn1,No valid decomposition found for PDEntry : Sr2 Zn1 Cd1 Ag1 Sn1 with energy = -14.9568! (e_h: -0.008424133062362671),823,0.0,-0.008424133062362671
824,Cr1 Se2,no_error,824,0.0029282569885253906,0.0029282569885253906
825,Ho4 Co4 Ge4,No valid decomposition found for PDEntry : Ho4 Co4 Ge4 with energy = -73.3461! (e_h: -0.0061855316162109375),825,0.0,-0.0061855316162109375
826,Na1 Al4 O5,no_error,826,0.22440833091735168,0.22440833091735168
827,Pr2 Ho2 Ag4,no_error,827,0.007799625396728516,0.007799625396728516
828,Sc2 Mn2 S5,no_error,828,0.006043063269721927,0.006043063269721927
829,Tb2 H2 S1,No valid decomposition found for PDEntry : Tb2 H2 S1 with energy = -27.1660! (e_h: -0.04084739685058558),829,0.0,-0.04084739685058558
830,Cu1 B1 Se5,No valid decomposition found for PDEntry : Cu1 B1 Se5 with energy = -30.8685! (e_h: -0.04737520217895508),830,0.0,-0.04737520217895508
831,Li5 F7,No valid decomposition found for PDEntry : Li5 F7 with energy = -54.6181! (e_h: -0.018082141876220703),831,0.0,-0.018082141876220703
832,Sn4 Te5,No valid decomposition found for PDEntry : Sn4 Te5 with energy = -36.0168! (e_h: -0.06945090823703337),832,0.0,-0.06945090823703337
833,Li3 Al5 O10,no_error,833,0.13438047303093636,0.13438047303093636
834,Yb6 Cu4 Ge6 Rh8,No valid decomposition found for PDEntry : Yb6 Cu4 Ge6 Rh8 with energy = -127.7754! (e_h: -0.3643138395945229),834,0.0,-0.3643138395945229
835,Sr2 Tb2 Cu5 O11,no_error,835,0.11299724578857173,0.11299724578857173
836,Al4 O6,no_error,836,0.054483890533447266,0.054483890533447266
837,Cs1 Er1 Fe1 As1 S4,no_error,837,0.16350090801715744,0.16350090801715744
838,Zn14,no_error,838,0.004868507385253906,0.004868507385253906
839,Dy1 B2 Pt2 C1,no_error,839,0.007633213304046649,0.007633213304046649
840,Na2 Pr2 S4,No valid decomposition found for PDEntry : Na2 Pr2 S4 with energy = -44.8083! (e_h: -0.00039768218994140625),840,0.0,-0.00039768218994140625
841,Sr2 Ho1 Al3 Bi2 O12,no_error,841,0.08757576942444523,0.08757576942444523
842,Ho6 Ni2 Sb10,no_error,842,0.06995582580566406,0.06995582580566406
843,Ca2 Al10,No valid decomposition found for PDEntry : Ca2 Al10 with energy = -43.6563! (e_h: -0.030067364374796846),843,0.0,-0.030067364374796846
844,Li3 V2 S1 O3 F11,no_error,844,0.08635830879212136,0.08635830879212136
845,Mn3 Cd2 Ni1 Sn1 S7,no_error,845,0.11075189000084418,0.11075189000084418
846,Mg5 Sc1,no_error,846,0.0115101615043538,0.0115101615043538
847,Li3 Y3 Er3 Ag3,no_error,847,0.015070676803588867,0.015070676803588867
848,Ho2 Co2 Ge2,no_error,848,0.000759124755859375,0.000759124755859375
849,Ti3 Nb1,no_error,849,0.015931367874145508,0.015931367874145508
850,Y4 Ge2 N2,no_error,850,0.6977446079254124,0.6977446079254124
851,Sb6 O12,no_error,851,0.13409948348999023,0.13409948348999023
852,Ti1 Ga1 Ag8 As2,no_error,852,0.12838562329610248,0.12838562329610248
853,Nb9 As2 H1 I2,no_error,853,0.3534340548824968,0.3534340548824968
854,Sr2 Eu2 Fe2 W2 O12,no_error,854,0.007382869720458984,0.007382869720458984
855,La10 Bi8,no_error,855,0.12792364756266217,0.12792364756266217
856,Si4 O8,no_error,856,0.0996856689453125,0.0996856689453125
857,Pu8 Sn4,no_error,857,0.0003800392150878906,0.0003800392150878906
858,Mg1 In1 Cu1 Te4,no_error,858,0.02967688015529113,0.02967688015529113
859,Ho12 Si14 Ni2 Pd4,no_error,859,0.005514025688171387,0.005514025688171387
860,Ni8 O6,no_error,860,0.22692578179495637,0.22692578179495637
861,Li3 V5 O10,no_error,861,0.09269824557832784,0.09269824557832784
862,Zn2 Pt2 Rh4,No valid decomposition found for PDEntry : Zn2 Pt2 Rh4 with energy = -46.2549! (e_h: -0.015497112274170277),862,0.0,-0.015497112274170277
863,Zn2 Au2,No valid decomposition found for PDEntry : Zn2 Au2 with energy = -10.0513! (e_h: -0.009470224380493608),863,0.0,-0.009470224380493608
864,Pm3 Y3 Ga3 Ru3,no_error,864,0.02039419114589691,0.02039419114589691
865,Tl4 P3 H1 O12,no_error,865,0.002709269523618829,0.002709269523618829
866,Mg4 In4 Ni16,No valid decomposition found for PDEntry : Mg4 In4 Ni16 with energy = -114.2913! (e_h: -0.037044002896264416),866,0.0,-0.037044002896264416
867,Eu1 Al17 Zn2,No valid decomposition found for PDEntry : Eu1 Al17 Zn2 with energy = -77.0558! (e_h: -0.0047084331512454725),867,0.0,-0.0047084331512454725
868,Tb2 Sb4,no_error,868,0.011915206909179688,0.011915206909179688
869,Mn3 Sn1 S4 I1,no_error,869,0.009904252158269067,0.009904252158269067
870,Eu3 Hf3 Zr3 Ag3 O18,no_error,870,0.17652739286423014,0.17652739286423014
871,Hf4 Ni4 Sn4,no_error,871,0.02384328842163086,0.02384328842163086
872,Er4 Mg2 Zn4,No valid decomposition found for PDEntry : Er4 Mg2 Zn4 with energy = -29.7964! (e_h: -0.03465770085652631),872,0.0,-0.03465770085652631
873,Yb2 Zn2 Pb2,No valid decomposition found for PDEntry : Yb2 Zn2 Pb2 with energy = -15.4589! (e_h: -0.4284144490559898),873,0.0,-0.4284144490559898
874,Li2 Eu2 In2 Cu2 O12,no_error,874,0.18268866539001394,0.18268866539001394
875,Sr4 Nd2 Mn2 Cu4 Pb2 O18,no_error,875,0.08943052973066123,0.08943052973066123
876,Ce1 Cu2 Ge7,no_error,876,0.013205528259277344,0.013205528259277344
877,Mn2 As4,No valid decomposition found for PDEntry : Mn2 As4 with energy = -38.1328! (e_h: -0.06015672810872452),877,0.0,-0.06015672810872452
878,Bi4 O8,No valid decomposition found for PDEntry : Bi4 O8 with energy = -72.1190! (e_h: -0.013732910156257994),878,0.0,-0.013732910156257994
879,Li4 Mn1 Fe4 O7 F4,no_error,879,0.10161390304564044,0.10161390304564044
880,Ba2 Si2 Pd2,no_error,880,0.012350559234618252,0.012350559234618252
881,Hf3 In3 Cu3 Re3,no_error,881,0.21203940668526755,0.21203940668526755
882,Er2 Cu2 Ge2,No valid decomposition found for PDEntry : Er2 Cu2 Ge2 with energy = -30.5699! (e_h: -0.007101535797119141),882,0.0,-0.007101535797119141
883,Nb2 S4,no_error,883,0.004338264465331143,0.004338264465331143
884,Na2 In2 C1,no_error,884,0.5826752543449407,0.5826752543449407
885,Ba2 In14,No valid decomposition found for PDEntry : Ba2 In14 with energy = -45.8112! (e_h: -0.04157537221908569),885,0.0,-0.04157537221908569
886,Eu2 In2 Co8 N4,no_error,886,0.1390663981437683,0.1390663981437683
887,Pd4,No valid decomposition found for PDEntry : Pd4 with energy = -20.8114! (e_h: -0.002974987030029297),887,0.0,-0.002974987030029297
888,Y2 S4,no_error,888,0.027435223261514707,0.027435223261514707
889,Ce1 Y1 Ti2 Ga1 Cu1,no_error,889,0.07973765002356625,0.07973765002356625
890,Zr2 Cu10 Ge4,no_error,890,0.05903291702270508,0.05903291702270508
891,Li4 Mn2 V1 O7,no_error,891,0.11095019749232904,0.11095019749232904
892,Gd2 Y2 Zn4,no_error,892,0.009846687316894531,0.009846687316894531
893,Nd1 Mg1,no_error,893,0.00012254714965864721,0.00012254714965864721
894,Eu1 Sn1 H3 Br1 Cl1,no_error,894,0.25436333247593534,0.25436333247593534
895,In5 S13,no_error,895,0.05752570099300769,0.05752570099300769
896,H18 C1 O1,no_error,896,0.22970483303070122,0.22970483303070122
897,Au5,no_error,897,0.0003402233123774856,0.0003402233123774856
898,Sc3 Si1 Ni9 Sn4 Ge1,no_error,898,0.08089914849872315,0.08089914849872315
899,Te2 Pd2,No valid decomposition found for PDEntry : Te2 Pd2 with energy = -18.6639! (e_h: -0.007128715515136719),899,0.0,-0.007128715515136719
900,Hf4 Mn2 Ni6,no_error,900,0.018493533134462226,0.018493533134462226
901,Fe3 S4,no_error,901,0.08192246300833528,0.08192246300833528
902,Nd1 Tl1,No valid decomposition found for PDEntry : Nd1 Tl1 with energy = -7.9584! (e_h: -0.001953125),902,0.0,-0.001953125
903,Sb2 As5 S3,no_error,903,0.12778987693786625,0.12778987693786625
904,Cu3 Bi1 S1 Cl5,no_error,904,0.011272245645523427,0.011272245645523427
905,Ho2 Zn2 As2,no_error,905,0.23350159327189157,0.23350159327189157
906,La1 Cd2 I9,No valid decomposition found for PDEntry : La1 Cd2 I9 with energy = -33.4521! (e_h: -0.05538032452265318),906,0.0,-0.05538032452265318
907,Yb2 Al4 Fe6,no_error,907,0.0013006801605230933,0.0013006801605230933
908,Sc1 Au1,No valid decomposition found for PDEntry : Sc1 Au1 with energy = -11.2320! (e_h: -0.0017676353454580962),908,0.0,-0.0017676353454580962
909,Pr2 In10 Rh2,No valid decomposition found for PDEntry : Pr2 In10 Rh2 with energy = -57.3610! (e_h: -0.004089832305908203),909,0.0,-0.004089832305908203
910,Ca1 Al1 Ni7 Ge1 B1 Rh1,no_error,910,0.09212368726727327,0.09212368726727327
911,Pd4,No valid decomposition found for PDEntry : Pd4 with energy = -20.8114! (e_h: -0.0029745101928710938),911,0.0,-0.0029745101928710938
912,Co1 Si4 Ni9,no_error,912,0.06427648845984457,0.06427648845984457
913,Cs3 Li2 Co1 Os2 O10,No valid decomposition found for PDEntry : Cs3 Li2 Co1 Os2 O10 with energy = -116.4953! (e_h: -0.02802295583896708),913,0.0,-0.02802295583896708
914,Cu2 Ni10 Sn3 W1,no_error,914,0.03514963388442904,0.03514963388442904
915,Y3 Np3 C14,no_error,915,0.17119027376174856,0.17119027376174856
916,Ho2 Mg1 Ni3 S7,no_error,916,0.13808121131016726,0.13808121131016726
917,Hg4,No valid decomposition found for PDEntry : Hg4 with energy = -1.1591! (e_h: -0.0032300353050231934),917,0.0,-0.0032300353050231934
918,Y4 Cl9 O1,no_error,918,0.0039473942347934,0.0039473942347934
919,Ca5 Al4 N11,no_error,919,0.22747335433960014,0.22747335433960014
920,Hf2 Ga2 N4,no_error,920,0.3181596597035732,0.3181596597035732
921,Rb2,No valid decomposition found for PDEntry : Rb2 with energy = -1.9341! (e_h: -0.0007665157318116345),921,0.0,-0.0007665157318116345
922,Sc4 Zn4,No valid decomposition found for PDEntry : Sc4 Zn4 with energy = -33.2033! (e_h: -0.00036144256591796875),922,0.0,-0.00036144256591796875
923,Zn1 Cd5 In4 Ag2 Sb1 Au1,no_error,923,0.031962549402599905,0.031962549402599905
924,Li1 Er1 Tl1 Pd1 S4,no_error,924,0.1069638431072244,0.1069638431072244
925,Nd1 Al4 O9,no_error,925,0.21519395283290255,0.21519395283290255
926,Mg4 Zn2 Ir2,No valid decomposition found for PDEntry : Mg4 Zn2 Ir2 with energy = -29.2721! (e_h: -0.024070739746093306),926,0.0,-0.024070739746093306
927,La2 Al6,no_error,927,0.11834802627563512,0.11834802627563512
928,Li1 Sb1,no_error,928,0.03492969274520874,0.03492969274520874
929,Ba4 Gd12 O20,no_error,929,0.09174189302656544,0.09174189302656544
930,Tl4,No valid decomposition found for PDEntry : Tl4 with energy = -9.3884! (e_h: -0.00561070442199707),930,0.0,-0.00561070442199707
931,Te2 Mo2 W2 S6,no_error,931,0.05866551399230957,0.05866551399230957
932,La4 Si4 Pd4,No valid decomposition found for PDEntry : La4 Si4 Pd4 with energy = -73.2739! (e_h: -0.01290273666381836),932,0.0,-0.01290273666381836
933,Gd2 Fe6 B2,no_error,933,0.11828750758976447,0.11828750758976447
934,Ho2 Sn1 Ge3,No valid decomposition found for PDEntry : Ho2 Sn1 Ge3 with energy = -30.6864! (e_h: -0.018273654736971068),934,0.0,-0.018273654736971068
935,K2 Ga4 S10,no_error,935,0.0771311759948734,0.0771311759948734
936,Ti1 Ag1 O2,no_error,936,0.29010879993438543,0.29010879993438543
937,Li3 Fe2 Ni1 Sb1 O7,no_error,937,0.08749787958841537,0.08749787958841537
938,Ca1 Pr3 B4 O12,no_error,938,0.05774027109145763,0.05774027109145763
939,Na2 Mn2 Al5 S11,no_error,939,0.026278591156003728,0.026278591156003728
940,Yb2 Ce2 In2 Ga2,No valid decomposition found for PDEntry : Yb2 Ce2 In2 Ga2 with energy = -30.2089! (e_h: -0.113947867075602),940,0.0,-0.113947867075602
941,K2 Ge2 O5,no_error,941,0.07155990600586559,0.07155990600586559
942,Cs2 B4 H1 O9,no_error,942,0.21679775629724585,0.21679775629724585
943,Li7 Fe1 F12,no_error,943,0.036630415916443226,0.036630415916443226
944,Co5 O8 F4,no_error,944,0.11900321685056525,0.11900321685056525
945,Li4 Ca2 B2 O8,no_error,945,0.08113324642181396,0.08113324642181396
946,Tm4 Nb6 Re2 O24,no_error,946,0.10967277155982202,0.10967277155982202
947,Na4 Fe2 Ir2 O12,No valid decomposition found for PDEntry : Na4 Fe2 Ir2 O12 with energy = -128.7780! (e_h: -0.043534024556477924),947,0.0,-0.043534024556477924
948,Tm4 Sc4 Zn8,No valid decomposition found for PDEntry : Tm4 Sc4 Zn8 with energy = -58.9940! (e_h: -0.0011477470397949219),948,0.0,-0.0011477470397949219
949,Te8 Mo6 W2 Se8,no_error,949,0.02919638156890869,0.02919638156890869
950,Ti2 Al18 Fe2,no_error,950,0.02242244373668356,0.02242244373668356
951,Dy4 Ga4 Pt4,no_error,951,0.021680831909179688,0.021680831909179688
952,Ca3 Pr3 Cd3 Cu3,no_error,952,0.08679964145024499,0.08679964145024499
953,Ba3 Li1 Ga2 H6,no_error,953,0.0955003400643668,0.0955003400643668
954,Li5 B4 O11,no_error,954,0.20120577812195428,0.20120577812195428
955,Ce4 Sn10,no_error,955,0.059850352151053166,0.059850352151053166
956,Ca3 Sm3 Sn3,no_error,956,0.10326868957943525,0.10326868957943525
957,K1 Mn1 O3,no_error,957,0.15373494029044998,0.15373494029044998
958,Ce4 Sn7 Te5,no_error,958,0.10391233861446292,0.10391233861446292
959,P9 Se7,no_error,959,0.02181941270828247,0.02181941270828247
960,Sr1 Al2 Si2,No valid decomposition found for PDEntry : Sr1 Al2 Si2 with energy = -21.2936! (e_h: -0.0014901161193847656),960,0.0,-0.0014901161193847656
961,Nb12 Zn6,no_error,961,0.007425489879789637,0.007425489879789637
962,Ho6 Cu3 Ge3,no_error,962,0.04110316038131767,0.04110316038131767
963,Li9 Ge8,no_error,963,0.016393566131592152,0.016393566131592152
964,Li1 Mg5 Mn1 Fe1 O8,no_error,964,0.009278240657985215,0.009278240657985215
965,Sr1 La4 Fe2 Cu1 O12,no_error,965,0.3094469785690386,0.3094469785690386
966,Na2 Ta2 F12,No valid decomposition found for PDEntry : Na2 Ta2 F12 with energy = -105.6288! (e_h: -0.07891321182250977),966,0.0,-0.07891321182250977
967,Eu6 P10,no_error,967,0.009655332565307262,0.009655332565307262
968,K1 Rb2 Al1 F6,no_error,968,2.2411346435546875e-05,2.2411346435546875e-05
969,Pd4 O4,no_error,969,0.4348945617675781,0.4348945617675781
970,K1 Y6 Cl13,no_error,970,0.06560945510864791,0.06560945510864791
971,Na1 Ta1 Ti1 P1 S6,no_error,971,0.04206135869026184,0.04206135869026184
972,Pr3 Mn1 Cd3 Ag2,no_error,972,0.08098480436536981,0.08098480436536981
973,H16 C4,no_error,973,0.20922422409057617,0.20922422409057617
974,Ce2 Co2 Ge6,No valid decomposition found for PDEntry : Ce2 Co2 Ge6 with energy = -59.3402! (e_h: -0.007627010345458984),974,0.0,-0.007627010345458984
975,Yb1 Cu6 As1 O12,No valid decomposition found for PDEntry : Yb1 Cu6 As1 O12 with energy = -114.7678! (e_h: -0.36639701499938937),975,0.0,-0.36639701499938937
976,Al1 H7 S1 O8 F1,no_error,976,0.1922794958901779,0.1922794958901779
977,Zr2 F8,no_error,977,0.12819290161132812,0.12819290161132812
978,Ba1 Na2 Sm1 Nb3 O11,no_error,978,0.09753858778211288,0.09753858778211288
979,Co8 Cu4 Rh4,no_error,979,0.06743892033894827,0.06743892033894827
980,Y1 Co5 B2,no_error,980,0.12449213340110266,0.12449213340110266
981,Li2 Cu1 As2 O7,no_error,981,0.0721550782521545,0.0721550782521545
982,Ca4 Tm4 Mg4 Pd4,no_error,982,0.17254537343978882,0.17254537343978882
983,Eu1 Mg1,no_error,983,0.0042612552642822266,0.0042612552642822266
984,K4 La2 W2 O12,no_error,984,0.0072881857554127905,0.0072881857554127905
985,Mn7 O9 F3,no_error,985,0.05947238520571929,0.05947238520571929
986,Zr7 Sn1 Ge7 Au1,no_error,986,0.19106051325798035,0.19106051325798035
987,Mg8 Ag4 P4 I4,no_error,987,0.3093581199645996,0.3093581199645996
988,Rb4 Tl2 Ir2 F12,no_error,988,0.03579015731811808,0.03579015731811808
989,Ba1 In1 Sn16,no_error,989,0.0291399425930452,0.0291399425930452
990,Sm1 Hg1,No valid decomposition found for PDEntry : Sm1 Hg1 with energy = -5.9630! (e_h: -0.1590654373168947),990,0.0,-0.1590654373168947
991,K1 Mg2 B2 O7,no_error,991,0.1961666544278451,0.1961666544278451
992,V1 Cu1 Ni6,No valid decomposition found for PDEntry : V1 Cu1 Ni6 with energy = -48.7854! (e_h: -0.022640228271484375),992,0.0,-0.022640228271484375
993,Er4 Hg12,no_error,993,0.032314181327819824,0.032314181327819824
994,Li2 Ni1 W1 O6,no_error,994,0.05390400886535485,0.05390400886535485
995,Er4 Mg2 O7 F1,no_error,995,0.22779311878340547,0.22779311878340547
996,Zn4 Cu6 Bi4 S6,no_error,996,0.1422393798828132,0.1422393798828132
997,La2 Cd2 W2 O10,no_error,997,0.050415519624946725,0.050415519624946725
998,Zn2 Ag2 Se4,no_error,998,0.05750417709350586,0.05750417709350586
999,Ba4 Cr8 Cu4 S16,no_error,999,0.1283211708068812,0.1283211708068812
