,formula,error_str,str_ind,chgnet_ehull,corrected_chgnet_ehull
0,Cs3 N4 O9,no_error,0,0.4083656966686249,0.4083656966686249
1,Sr3 Lu1,no_error,1,0.20433348417282104,0.20433348417282104
2,Li2 Ti4 Co2,no_error,2,0.10472333431243896,0.10472333431243896
3,U2 B6 Ru4,no_error,3,0.06352663040161133,0.06352663040161133
4,Ce10 Th5 Ni5,no_error,4,0.08672332763671875,0.08672332763671875
5,W2 F8,No valid decomposition found for PDEntry : W2 F8 with energy = -67.8585! (e_h: -0.03662109375),5,0.0,-0.03662109375
6,Y1 Cu1 Si1,no_error,6,0.0035381317138671875,0.0035381317138671875
7,Ta3 Mn5 Al10,no_error,7,0.026993942260743253,0.026993942260743253
8,Sm4 Zn6 Ni2,No valid decomposition found for PDEntry : Sm4 Zn6 Ni2 with energy = -42.8056! (e_h: -0.0005536079406738281),8,0.0,-0.0005536079406738281
9,Ho6 O9,no_error,9,0.05578422546386719,0.05578422546386719
10,Er10 Si4 Rh6,no_error,10,0.1018484298999498,0.1018484298999498
11,Bi2 Se4 O12,no_error,11,0.04915221532186553,0.04915221532186553
12,Sr2 Ni2 Ir2 O8,no_error,12,0.27289526803152686,0.27289526803152686
13,In5 O9,no_error,13,0.20447308676583464,0.20447308676583464
14,Ti5 Tl1 Se8,no_error,14,0.10657072067260565,0.10657072067260565
15,Li1 Tl3 F6,No valid decomposition found for PDEntry : Li1 Tl3 F6 with energy = -43.6256! (e_h: -0.09346777598063127),15,0.0,-0.09346777598063127
16,Pa12 S18,No valid decomposition found for PDEntry : Pa12 S18 with energy = -242.5866! (e_h: -0.045403480529785156),16,0.0,-0.045403480529785156
17,Ho6 V2 S12,no_error,17,0.11985715031623911,0.11985715031623911
18,Pr1 Tl2 Hg1,no_error,18,0.06416106224060103,0.06416106224060103
19,Gd1 Cr1 Ga2 Fe10,no_error,19,0.07468237195696226,0.07468237195696226
20,Pr1 Mn1 Al1 Cu3,no_error,20,0.0909748872121181,0.0909748872121181
21,Gd4 Zn4 Ge4,no_error,21,0.07243776321411044,0.07243776321411044
22,Ca3 Mg1,no_error,22,0.008022189140320046,0.008022189140320046
23,Li4 V2 O4 F2,no_error,23,0.072052001953125,0.072052001953125
24,Cu5 Au3,no_error,24,0.08870458602905273,0.08870458602905273
25,Ca1 Al3 Cr2 Se8,no_error,25,0.13010706646101777,0.13010706646101777
26,Mg2 Ti1 Cu1 Rh2 S8,no_error,26,0.20444822311401278,0.20444822311401278
27,Ce1 Th1 Ta2 O8,no_error,27,0.04080422719319721,0.04080422719319721
28,Li4 Co3 Ni1 O8,no_error,28,0.01659494638442549,0.01659494638442549
29,Sr3 Pr2 Ag1 Pb2 S10,no_error,29,0.05509887801276392,0.05509887801276392
30,Nb4 W2,no_error,30,0.011521021525062736,0.011521021525062736
31,Y2 Ge2 C2,no_error,31,0.3747838338216134,0.3747838338216134
32,Na2 Bi2 F8,No valid decomposition found for PDEntry : Na2 Bi2 F8 with energy = -59.9746! (e_h: -0.0477757453918457),32,0.0,-0.0477757453918457
33,Yb1 S1,No valid decomposition found for PDEntry : Yb1 S1 with energy = -10.4084! (e_h: -2.3674728050231932),33,0.0,-2.3674728050231932
34,Li3 Sc3 S6,No valid decomposition found for PDEntry : Li3 Sc3 S6 with energy = -73.4046! (e_h: -0.00019693374633789062),34,0.0,-0.00019693374633789062
35,Na5 Al2 O5,no_error,35,0.18310304482777884,0.18310304482777884
36,Dy4 Ni4 Sn2,No valid decomposition found for PDEntry : Dy4 Ni4 Sn2 with energy = -55.7596! (e_h: -0.00939702987670632),36,0.0,-0.00939702987670632
37,Sm3 Y4 Mg3,no_error,37,0.017084980010986683,0.017084980010986683
38,Mg1 Sc2 V2 Ni1 S8,no_error,38,0.12340872628348265,0.12340872628348265
39,Zn4 S4,no_error,39,0.0029146671295170457,0.0029146671295170457
40,Mn4 V8 W4,no_error,40,0.013744831085205078,0.013744831085205078
41,Tm6 Mg2,no_error,41,0.01144194602966353,0.01144194602966353
42,K1 Rb2 Ir1 F6,no_error,42,0.016202449798579543,0.016202449798579543
43,Tm4 Te7,no_error,43,0.056092724655612436,0.056092724655612436
44,Na2 Fe1 Ge8,No valid decomposition found for PDEntry : Na2 Fe1 Ge8 with energy = -48.1792! (e_h: -0.00548297708684764),44,0.0,-0.00548297708684764
45,Sr3 Co5 O12,no_error,45,0.04389839967091902,0.04389839967091902
46,Li5 Mn2 Ni3 O10,no_error,46,0.13765335083006658,0.13765335083006658
47,Sr2 Mg4,no_error,47,0.00021791458129905017,0.00021791458129905017
48,Co6 B2,no_error,48,0.10390090942382457,0.10390090942382457
49,Ca3 P3 Pd2,no_error,49,0.022487078394206605,0.022487078394206605
50,Ag2 Sn1 Pb1 S4,No valid decomposition found for PDEntry : Ag2 Sn1 Pb1 S4 with energy = -34.3749! (e_h: -0.033075034618377686),50,0.0,-0.033075034618377686
51,Rb2 Zn2 F6,No valid decomposition found for PDEntry : Rb2 Zn2 F6 with energy = -43.9265! (e_h: -0.010203361511230469),51,0.0,-0.010203361511230469
52,Rb1 In5 Te6 Cl2,no_error,52,0.035353992666517176,0.035353992666517176
53,Ce1 Mn5 Fe1 O10,no_error,53,0.11209871319195486,0.11209871319195486
54,K1 Ca3 La2 Mn1 W1 O12,no_error,54,0.013453079594505368,0.013453079594505368
55,Ba1 Eu4 Np1 O9,no_error,55,0.02158211602105098,0.02158211602105098
56,Tm2 Au4,No valid decomposition found for PDEntry : Tm2 Au4 with energy = -27.1262! (e_h: -0.012405872344971591),56,0.0,-0.012405872344971591
57,Li2 Cd2 Fe2 O8,no_error,57,0.18070333831164476,0.18070333831164476
58,Ba3 As5 Rh4,no_error,58,0.09516352017720564,0.09516352017720564
59,Rb2 Ba2 F6,no_error,59,0.06640071868896502,0.06640071868896502
60,Mg1 Sn3,no_error,60,0.01878168847825812,0.01878168847825812
61,Li2 Fe5 F11,no_error,61,0.059324277771838574,0.059324277771838574
62,Li4 Mn2 O6,no_error,62,0.024440765380859375,0.024440765380859375
63,K2 Mo1 Cl6,no_error,63,0.21192073822021484,0.21192073822021484
64,Na2 Li2 P1 Br1,no_error,64,0.16816065046522333,0.16816065046522333
65,Li1 Sb1 F6,No valid decomposition found for PDEntry : Li1 Sb1 F6 with energy = -40.3806! (e_h: -0.015198707580566406),65,0.0,-0.015198707580566406
66,Na1 Ho1 Se2,no_error,66,0.03856086730957031,0.03856086730957031
67,Ba2 Y1 Tl1 Fe1 Cu1 O7,no_error,67,0.1626749344361107,0.1626749344361107
68,La2 P4 N4,no_error,68,0.06733238697052091,0.06733238697052091
69,Pr2 H6,no_error,69,0.05664253234863281,0.05664253234863281
70,Ce1 Mg11 Zn1,no_error,70,0.07266394908611562,0.07266394908611562
71,Zn4 Ni2 Au2,no_error,71,0.03479397296905473,0.03479397296905473
72,La2 Ni3 B5,no_error,72,0.0911099910736084,0.0911099910736084
73,Cl2 O4,No valid decomposition found for PDEntry : Cl2 O4 with energy = -25.2322! (e_h: -0.005228996276855469),73,0.0,-0.005228996276855469
74,V2 Rh6,no_error,74,0.03571605682373047,0.03571605682373047
75,Lu2 Fe2 Si2 Ru2 C2,no_error,75,0.2419412231445328,0.2419412231445328
76,Pr3 Ga4 Pd11,no_error,76,0.04903189341227154,0.04903189341227154
77,Tm5 Sn7 Au8,no_error,77,0.019350874423981423,0.019350874423981423
78,Hf4 Sb4 Au4,No valid decomposition found for PDEntry : Hf4 Sb4 Au4 with energy = -75.8483! (e_h: -0.0017823996367321016),78,0.0,-0.0017823996367321016
79,Gd4 Hg2 O8,no_error,79,0.38917064666748225,0.38917064666748225
80,Tb2 Tl1 In1,No valid decomposition found for PDEntry : Tb2 Tl1 In1 with energy = -16.1139! (e_h: -0.041764259338378906),80,0.0,-0.041764259338378906
81,Ba2 Zn1 Bi1 O5,no_error,81,0.19554212358259093,0.19554212358259093
82,Sr5 Mg3 Ga2 N6,no_error,82,0.18194883848939458,0.18194883848939458
83,W2 Cl14,No valid decomposition found for PDEntry : W2 Cl14 with energy = -70.7943! (e_h: -0.0055532753467559814),83,0.0,-0.0055532753467559814
84,La5 Mg1 Si4,no_error,84,0.0006983184814455257,0.0006983184814455257
85,Ag2 Bi2 Se1 S3,No valid decomposition found for PDEntry : Ag2 Bi2 Se1 S3 with energy = -33.1472! (e_h: -0.010030746459960938),85,0.0,-0.010030746459960938
86,Ce4 Ge5 Rh3,no_error,86,0.08051860693729385,0.08051860693729385
87,Pm2 Hf2 Ir4,No valid decomposition found for PDEntry : Pm2 Hf2 Ir4 with energy = -70.3820! (e_h: -0.0625448226928711),87,0.0,-0.0625448226928711
88,Li2 Sc4 Al2,no_error,88,0.03206479549407959,0.03206479549407959
89,Mn2 Ni4 Sn2,no_error,89,0.0515475869178772,0.0515475869178772
90,U2 Mn2 P3 O12,no_error,90,0.2440294054427028,0.2440294054427028
91,Er4 Mg2 Ru2,no_error,91,0.06123609095811844,0.06123609095811844
92,Li2 Ac4 Si2,No valid decomposition found for PDEntry : Li2 Ac4 Si2 with energy = -32.5620! (e_h: -0.0009627342224121094),92,0.0,-0.0009627342224121094
93,Tc2 Ir6,No valid decomposition found for PDEntry : Tc2 Ir6 with energy = -75.0958! (e_h: -0.009496688842773438),93,0.0,-0.009496688842773438
94,Mn2 Co2 As2,no_error,94,0.07336139678955078,0.07336139678955078
95,Er9 Pt5,no_error,95,0.033694539751327746,0.033694539751327746
96,Sr4 Mg2 H8 O2,no_error,96,0.2059357762336731,0.2059357762336731
97,Zn2 Rh4 S8,no_error,97,0.16781602587018796,0.16781602587018796
98,Al9 Ni3,no_error,98,0.08673572540283203,0.08673572540283203
99,La4 Sn12 Ru4,no_error,99,0.07326078414916992,0.07326078414916992
100,Sm1 Fe5,no_error,100,0.0037614603837319294,0.0037614603837319294
101,Mn6 O8 F4,no_error,101,0.14233455657959748,0.14233455657959748
102,Ce4 Y2 Si10,no_error,102,0.07233107089996338,0.07233107089996338
103,Ba1 P2 Pt2,no_error,103,0.007727205753328192,0.007727205753328192
104,Np2 Si6,No valid decomposition found for PDEntry : Np2 Si6 with energy = -59.3453! (e_h: -0.0247802734375),104,0.0,-0.0247802734375
105,Th1 Fe2 As5 S4,no_error,105,0.21747214698791506,0.21747214698791506
106,Tm1 Bi1 I2 O6,no_error,106,0.24964969913164659,0.24964969913164659
107,Pu2 Ge2 Pt2,no_error,107,0.083293034480171,0.083293034480171
108,Cr5 Ga1 Se7,no_error,108,0.20412097944246455,0.20412097944246455
109,Sm2 Pt8 Au4,no_error,109,0.00202144895281009,0.00202144895281009
110,Li2 Tl1 In1,No valid decomposition found for PDEntry : Li2 Tl1 In1 with energy = -9.9290! (e_h: -0.0017523765563964844),110,0.0,-0.0017523765563964844
111,Na5 P2 O7,no_error,111,0.12629997389657266,0.12629997389657266
112,Nd1 U1 Co5 Sn6,no_error,112,0.07791766142233847,0.07791766142233847
113,K1 Na2 P2 O9,no_error,113,0.34120891775403805,0.34120891775403805
114,Sm1 Zn4 Pd1,No valid decomposition found for PDEntry : Sm1 Zn4 Pd1 with energy = -18.0066! (e_h: -0.0724518895149231),114,0.0,-0.0724518895149231
115,Mg4 Ge2,no_error,115,0.14515781402587935,0.14515781402587935
116,Fe4 O4,no_error,116,2.86102294921875e-06,2.86102294921875e-06
117,Li2 Er2 Tl4,no_error,117,0.006499290466309038,0.006499290466309038
118,Dy2 Ga6,no_error,118,0.006932497024536133,0.006932497024536133
119,Zr2 Cr2 O8,no_error,119,0.12205791473388317,0.12205791473388317
120,Ca8 Si4,no_error,120,0.08663439750671342,0.08663439750671342
121,Fe4 Si4 Ni4,no_error,121,0.06592130661010653,0.06592130661010653
122,La5 Cr3 S12,no_error,122,0.12472307682037354,0.12472307682037354
123,Li1 V1 H2 O4,no_error,123,0.017944276332851672,0.017944276332851672
124,Mg2 Ag2,no_error,124,0.11281108856201172,0.11281108856201172
125,Mn3 Fe2 O7,no_error,125,0.13877678465568444,0.13877678465568444
126,Li4 Pt12,No valid decomposition found for PDEntry : Li4 Pt12 with energy = -86.1127! (e_h: -5.8174133303445785e-05),126,0.0,-5.8174133303445785
127,Tb4 Mg2 Cu4,no_error,127,0.05925297737121582,0.05925297737121582
128,U1 Sb1 Te2,no_error,128,0.06262561678886414,0.06262561678886414
129,Tl6 P3 Cl3 O8,no_error,129,0.3149312496185308,0.3149312496185308
130,Ni12 Sn4,no_error,130,0.08403444290161133,0.08403444290161133
131,La3 Cu6 Sn5 Te2,no_error,131,0.15159509330988108,0.15159509330988108
132,Ta2 S2 Cl8,no_error,132,0.033553727467854344,0.033553727467854344
133,Sc1 Ni5,No valid decomposition found for PDEntry : Sc1 Ni5 with energy = -37.2029! (e_h: -0.029620647430419922),133,0.0,-0.029620647430419922
134,Li3 Fe4 O8,no_error,134,0.0757043520609475,0.0757043520609475
135,Dy2 Co7 Ge5,no_error,135,0.10627722740173251,0.10627722740173251
136,Cs2 Mn3 F13,no_error,136,0.03700780868530007,0.03700780868530007
137,Tm4 Ga2 Ni2,no_error,137,0.0650184154510498,0.0650184154510498
138,Li2 Sn2 Ir4,No valid decomposition found for PDEntry : Li2 Sn2 Ir4 with energy = -49.7194! (e_h: -0.007983207702636719),138,0.0,-0.007983207702636719
139,Al8 Zn3 Si7,no_error,139,0.07792308595445441,0.07792308595445441
140,Ga2 Cu3 Ge1 O8,no_error,140,0.1205494574138104,0.1205494574138104
141,Sr3 Sc4 Mn1 Fe1 O11,no_error,141,0.08772026697795177,0.08772026697795177
142,Pr2 Tm2 P4,no_error,142,0.00885462760925293,0.00885462760925293
143,Na1 Ac1 Cd2,no_error,143,0.01996334393819188,0.01996334393819188
144,Cs1 Rb1 Cu1 Mo1 Br6,no_error,144,0.6030208190282149,0.6030208190282149
145,Yb3 Eu1,no_error,145,0.0029439964294439847,0.0029439964294439847
146,Er2 Ga3 Si1,no_error,146,0.03109471003214548,0.03109471003214548
147,Ca2 Be1 N2,No valid decomposition found for PDEntry : Ca2 Be1 N2 with energy = -29.7821! (e_h: -0.002348661422729492),147,0.0,-0.002348661422729492
148,Fe1 Co1,No valid decomposition found for PDEntry : Fe1 Co1 with energy = -15.4599! (e_h: -0.005715370178222656),148,0.0,-0.005715370178222656
149,N4 O6,no_error,149,0.1495513916015625,0.1495513916015625
150,Cs3 U2 Cu6 Te7,no_error,150,0.18106052610609247,0.18106052610609247
151,Rb3 Al1 F6,No valid decomposition found for PDEntry : Rb3 Al1 F6 with energy = -52.7715! (e_h: -0.07281589508056552),151,0.0,-0.07281589508056552
152,Al6 Ir3 Ru3,No valid decomposition found for PDEntry : Al6 Ir3 Ru3 with energy = -86.9452! (e_h: -0.0025577545166015625),152,0.0,-0.0025577545166015625
153,Nd2 Mg2,no_error,153,0.009915113449097124,0.009915113449097124
154,Tm4 Si4 Ir1 Rh3,no_error,154,0.05225324630737305,0.05225324630737305
155,Li2 Mn3 Cu1 O8,no_error,155,0.0868673324584961,0.0868673324584961
156,Zr3 Sn3,No valid decomposition found for PDEntry : Zr3 Sn3 with energy = -40.5268! (e_h: -5.042552947998047e-05),156,0.0,-5.042552947998047
157,Li2 Zr1 V1 Te2 O11,no_error,157,0.02727051342235587,0.02727051342235587
158,Er2 In2 Pt4,no_error,158,0.003062993288040161,0.003062993288040161
159,Dy4 Mo4 C6,No valid decomposition found for PDEntry : Dy4 Mo4 C6 with energy = -122.2926! (e_h: -0.0033769607543945312),159,0.0,-0.0033769607543945312
160,Tm1 B2 Ru3,no_error,160,0.19053888320922674,0.19053888320922674
161,Mg1 Ti2 Tl1 Cr2 S8,no_error,161,0.11615783146449399,0.11615783146449399
162,Gd8 Bi6,No valid decomposition found for PDEntry : Gd8 Bi6 with energy = -147.8653! (e_h: -0.08695220947265803),162,0.0,-0.08695220947265803
163,Fe1 B4 W1,no_error,163,0.04867625236511053,0.04867625236511053
164,La1 Ce2 Nd1 O7,no_error,164,0.049332445318047036,0.049332445318047036
165,Eu6 Mg3 Ta3 O18,no_error,165,0.030614337921136325,0.030614337921136325
166,Cr2 F4,No valid decomposition found for PDEntry : Cr2 F4 with energy = -43.8243! (e_h: -0.016135692596435547),166,0.0,-0.016135692596435547
167,Cs1 Rb3,No valid decomposition found for PDEntry : Cs1 Rb3 with energy = -3.7779! (e_h: -0.0018100142478943981),167,0.0,-0.0018100142478943981
168,Ba1 Zr1 Zn1 Cr2 Cd1 Cu1 Se7,no_error,168,0.16363273499503617,0.16363273499503617
169,K1 Bi1 F4,no_error,169,0.0199542045593315,0.0199542045593315
170,K1 W3 O8,no_error,170,0.1896300732143903,0.1896300732143903
171,Cs1 Rb2 Hg1 F6,No valid decomposition found for PDEntry : Cs1 Rb2 Hg1 F6 with energy = -38.6417! (e_h: -0.08242698907852164),171,0.0,-0.08242698907852164
172,Lu11 In4 Bi1,no_error,172,0.07240470250447473,0.07240470250447473
173,Re1 Pt5,No valid decomposition found for PDEntry : Re1 Pt5 with energy = -43.1139! (e_h: -0.014314651489257812),173,0.0,-0.014314651489257812
174,Na3 Pr3 Sb4 O10,no_error,174,0.09874556064605766,0.09874556064605766
175,Ti2 Sb4,no_error,175,0.1372966766357422,0.1372966766357422
176,Tb1 Tl1 Pt5,no_error,176,0.07538216454642122,0.07538216454642122
177,Pm4 Mg2 Sn2,No valid decomposition found for PDEntry : Pm4 Mg2 Sn2 with energy = -33.9340! (e_h: -0.0006880760192871094),177,0.0,-0.0006880760192871094
178,Tb1 Lu1 In2,No valid decomposition found for PDEntry : Tb1 Lu1 In2 with energy = -16.5084! (e_h: -0.0019440650939941406),178,0.0,-0.0019440650939941406
179,Cs1 Li4 C3 O8,no_error,179,0.11147356033325195,0.11147356033325195
180,Tl2 Br6,No valid decomposition found for PDEntry : Tl2 Br6 with energy = -21.3593! (e_h: -0.03294801712036133),180,0.0,-0.03294801712036133
181,Cs7 K2 O5,no_error,181,0.012046251978192313,0.012046251978192313
182,Ce2 P4 Ir4,no_error,182,0.046858787536621094,0.046858787536621094
183,Ba1 Sr2 Cr1 O6,no_error,183,0.12683162689209393,0.12683162689209393
184,Li4 Ga1 Fe3 O8,no_error,184,0.06198501586913441,0.06198501586913441
185,Y6 Cu3 S11,no_error,185,0.055111217498780896,0.055111217498780896
186,Ba2 Gd2 Se4,No valid decomposition found for PDEntry : Ba2 Gd2 Se4 with energy = -63.5257! (e_h: -0.041324615478515625),186,0.0,-0.041324615478515625
187,Sn1 Sb2 Te4,no_error,187,0.01139211654663086,0.01139211654663086
188,Zr6 Cr12,no_error,188,0.3200464248657209,0.3200464248657209
189,Ca2 Er2 Mg4,no_error,189,0.04923004309336365,0.04923004309336365
190,V2 O2 F2,no_error,190,0.16718260447184008,0.16718260447184008
191,Mn5 O8,no_error,191,0.02591067094069288,0.02591067094069288
192,Ce2 Hf2 O8,no_error,192,0.018732070922851562,0.018732070922851562
193,Pm3 Tm1,No valid decomposition found for PDEntry : Pm3 Tm1 with energy = -18.6663! (e_h: -7.677078247070312e-05),193,0.0,-7.677078247070312
194,Re4 N6,no_error,194,0.04002952575683594,0.04002952575683594
195,Dy10 Sn6,no_error,195,0.10085773468017578,0.10085773468017578
196,Cr5 In1 S8,no_error,196,0.050446391105651855,0.050446391105651855
197,Mg1 Sc4 Hg1,no_error,197,0.009787400563557647,0.009787400563557647
198,Pr2 Co6 Ni4,no_error,198,0.06511100600747532,0.06511100600747532
199,Y1 B2 Rh2 C1,no_error,199,0.3455634117126456,0.3455634117126456
200,Ce6 Ga6 O18,no_error,200,0.18317972258025517,0.18317972258025517
201,Ta3 Te7,no_error,201,0.015717506408690518,0.015717506408690518
202,Mg3 Sc1,no_error,202,0.00397181510925293,0.00397181510925293
203,Ni4 Bi2 Pb1,no_error,203,0.11126913343156986,0.11126913343156986
204,Ca4 N2,no_error,204,0.1878671646118164,0.1878671646118164
205,Ce3 In2 Cu2 Pt3,no_error,205,0.10724153518676971,0.10724153518676971
206,Tb4 As4 Rh4,No valid decomposition found for PDEntry : Tb4 As4 Rh4 with energy = -80.1764! (e_h: -0.09908854961395264),206,0.0,-0.09908854961395264
207,Er10 Ni4 Sb2,no_error,207,0.09342336654662997,0.09342336654662997
208,Rh2,no_error,208,0.005442142486572266,0.005442142486572266
209,Yb4 Sb2 Ir2,No valid decomposition found for PDEntry : Yb4 Sb2 Ir2 with energy = -37.1661! (e_h: -0.46922079467773425),209,0.0,-0.46922079467773425
210,Pt2 Se2 Cl2,No valid decomposition found for PDEntry : Pt2 Se2 Cl2 with energy = -27.3647! (e_h: -0.029699325561523438),210,0.0,-0.029699325561523438
211,Cs1 Y1 U1 Br6,no_error,211,0.05658306898894061,0.05658306898894061
212,K3 La2 Cl9,no_error,212,0.054428032466341314,0.054428032466341314
213,Na6 Sb2,No valid decomposition found for PDEntry : Na6 Sb2 with energy = -19.7477! (e_h: -0.016192913055419478),213,0.0,-0.016192913055419478
214,Ca1 Cr3 C2 N2,no_error,214,0.37518080421116196,0.37518080421116196
215,Sm1 Cu1,no_error,215,0.0004968643188476562,0.0004968643188476562
216,K1 Bi1 F6,no_error,216,0.0051288604736328125,0.0051288604736328125
217,Fe1 Ni3 Sn2,no_error,217,0.07429130872090539,0.07429130872090539
218,Zr1 H9 O6,no_error,218,0.12628088891506195,0.12628088891506195
219,Yb4 Y2 N6,No valid decomposition found for PDEntry : Yb4 Y2 N6 with energy = -82.1931! (e_h: -0.4890522410074869),219,0.0,-0.4890522410074869
220,K1 Na2 Fe3 B2 O10,no_error,220,0.11208558082580566,0.11208558082580566
221,Mg1 Ag1 F3,no_error,221,0.04132995605468803,0.04132995605468803
222,K5 Li3 As4,no_error,222,0.018820439066205452,0.018820439066205452
223,Cs2 Cu2 Cl8,No valid decomposition found for PDEntry : Cs2 Cu2 Cl8 with energy = -39.6837! (e_h: -0.007317006587983954),223,0.0,-0.007317006587983954
224,Hf9 Si5 Sb2,no_error,224,0.1477012634277326,0.1477012634277326
225,Cs2 Na1 Ce1 Cl6,no_error,225,0.688959598541266,0.688959598541266
226,Zn3 Si1 Se4,no_error,226,0.08307963609695435,0.08307963609695435
227,Cs1 Pb1,no_error,227,0.015138745307922363,0.015138745307922363
228,Er3 In3 Ga5,no_error,228,0.04523452845486631,0.04523452845486631
229,Re5 As4 S11,no_error,229,0.12906782563527486,0.12906782563527486
230,Te6 W4 Se2,no_error,230,0.4979681968688965,0.4979681968688965
231,Ac1 Sm1 Cd2,No valid decomposition found for PDEntry : Ac1 Sm1 Cd2 with energy = -11.8015! (e_h: -0.03851397832234671),231,0.0,-0.03851397832234671
232,Ti6 Co3 Ir3,No valid decomposition found for PDEntry : Ti6 Co3 Ir3 with energy = -102.9912! (e_h: -0.00010013580322265625),232,0.0,-0.00010013580322265625
233,Cs2 K1 Eu1 Br6,No valid decomposition found for PDEntry : Cs2 K1 Eu1 Br6 with energy = -43.6088! (e_h: -0.035460472106933594),233,0.0,-0.035460472106933594
234,Hf6 Zn4 Si6 Ni2,no_error,234,0.002767827775744358,0.002767827775744358
235,Sm1 Cr4 H4 O11,no_error,235,0.10639302730560818,0.10639302730560818
236,Cd2 Ag4,No valid decomposition found for PDEntry : Cd2 Ag4 with energy = -13.5174! (e_h: -0.006014823913574219),236,0.0,-0.006014823913574219
237,Nb11 Al2 Ru3,no_error,237,0.06336772441864014,0.06336772441864014
238,Mn1 Al1 Ru2,No valid decomposition found for PDEntry : Mn1 Al1 Ru2 with energy = -33.0292! (e_h: -0.0014963150024414062),238,0.0,-0.0014963150024414062
239,K2 Ca6,no_error,239,0.14928603172302246,0.14928603172302246
240,Cr2 Ge1 O13,no_error,240,0.5680528938770291,0.5680528938770291
241,Pr2 Mn2 Fe2 Ge2 O12,no_error,241,0.0693629503250186,0.0693629503250186
242,Li4 Ni4 Ge8,no_error,242,0.024495244026184082,0.024495244026184082
243,Pr3 Br9,no_error,243,0.007893085479736328,0.007893085479736328
244,Zr2 Hg3 O7,no_error,244,0.07914137840270996,0.07914137840270996
245,Cs4 Li1 Bi3 O12,no_error,245,0.10916449228922431,0.10916449228922431
246,Yb2 Al5 C7,no_error,246,0.10054241548265708,0.10054241548265708
247,Ba8 In7 Ge5,no_error,247,0.028985440731046808,0.028985440731046808
248,La1 Cu4 Au1,no_error,248,0.0655699074268341,0.0655699074268341
249,La2 O4,no_error,249,0.11185153325398822,0.11185153325398822
250,Li4 Fe4 O2 F10,no_error,250,0.06680433750152748,0.06680433750152748
251,Li6 Ni3 W1 O10,no_error,251,0.03337173461913778,0.03337173461913778
252,Tb4 Cl4 O4,No valid decomposition found for PDEntry : Tb4 Cl4 O4 with energy = -88.4759! (e_h: -0.15687598122490698),252,0.0,-0.15687598122490698
253,K1 Mn1 W2 O8,no_error,253,0.06282587846120258,0.06282587846120258
254,Li1 Mg3,No valid decomposition found for PDEntry : Li1 Mg3 with energy = -6.8203! (e_h: -0.0008382201194763184),254,0.0,-0.0008382201194763184
255,Cr4 In3 B3 C6,no_error,255,0.5597375695194513,0.5597375695194513
256,Ce1 Gd3,no_error,256,0.042655110359191895,0.042655110359191895
257,Tc3 Au1,no_error,257,0.24615150690078735,0.24615150690078735
258,Cs3 Ni5 As4,no_error,258,0.0745295484860744,0.0745295484860744
259,Hf11 Fe1 Si6,no_error,259,0.21487908893161212,0.21487908893161212
260,Sr3 Ca1 Ce1 Ru1 O8,no_error,260,0.07637919017248596,0.07637919017248596
261,Nd4 Si4 Ir4,no_error,261,0.10261726379394531,0.10261726379394531
262,Mn2 F4,No valid decomposition found for PDEntry : Mn2 F4 with energy = -43.5685! (e_h: -0.006081104278564453),262,0.0,-0.006081104278564453
263,Cu3 Te5 O12,no_error,263,0.042894458770757815,0.042894458770757815
264,K3 Ba2 Ta3 O12,no_error,264,0.06939891576766932,0.06939891576766932
265,Rb2 Na1 Pd1 F6,No valid decomposition found for PDEntry : Rb2 Na1 Pd1 F6 with energy = -45.1509! (e_h: -0.0003108978271439966),265,0.0,-0.0003108978271439966
266,Gd3 Ni16 Ge1,no_error,266,0.16416233777999967,0.16416233777999967
267,Ce2 Al4,no_error,267,0.045146942138671875,0.045146942138671875
268,Tm8,No valid decomposition found for PDEntry : Tm8 with energy = -35.7291! (e_h: -0.0006198883056640625),268,0.0,-0.0006198883056640625
269,La1 Ce1 Hg2,no_error,269,0.002452850341796875,0.002452850341796875
270,U1 B2 Ir2 C1,no_error,270,0.08403523763020893,0.08403523763020893
271,Nb3 Ge1,no_error,271,0.10851573944091797,0.10851573944091797
272,Ba8 Al2 N8,no_error,272,0.15812063217163086,0.15812063217163086
273,Rb3 Sb1 F6,No valid decomposition found for PDEntry : Rb3 Sb1 F6 with energy = -47.4237! (e_h: -0.031517505645751065),273,0.0,-0.031517505645751065
274,Rb2 Li2 F6,no_error,274,0.004146289825441407,0.004146289825441407
275,Li2 Fe3 F7,no_error,275,0.11017705996831051,0.11017705996831051
276,Sr4 Tl8,No valid decomposition found for PDEntry : Sr4 Tl8 with energy = -29.7325! (e_h: -0.0010274251302084814),276,0.0,-0.0010274251302084814
277,U3 Al3 Cu3,no_error,277,0.1637402983272782,0.1637402983272782
278,Nd1 Si5 Ni3 Pt7,no_error,278,0.13647335146864314,0.13647335146864314
279,Zr4 Cd2 N4,no_error,279,0.46845999956130946,0.46845999956130946
280,Y1 Al5 Fe7,no_error,280,0.12157964706419477,0.12157964706419477
281,Rb2 Na1 Nd1 F6,no_error,281,0.006975746154786577,0.006975746154786577
282,Mn3 Cr5 Mo4,no_error,282,0.061751365661621094,0.061751365661621094
283,Li5 Ni7 O8,no_error,283,0.16341793537139804,0.16341793537139804
284,Sc3 Te5,no_error,284,0.012453481554985046,0.012453481554985046
285,Th1 Co1 Si3,No valid decomposition found for PDEntry : Th1 Co1 Si3 with energy = -34.1075! (e_h: -0.008606433868408203),285,0.0,-0.008606433868408203
286,Pr3 Al3 Cu3,no_error,286,0.028001785278320312,0.028001785278320312
287,Nb1 Ru3 C4,no_error,287,0.4985203742980957,0.4985203742980957
288,La1 Ce4 Zn4 S9,no_error,288,0.15153986877865133,0.15153986877865133
289,Mg1 Zn3,no_error,289,0.02264726161956787,0.02264726161956787
290,Ba1 Ag2,no_error,290,0.0029418468475341797,0.0029418468475341797
291,Ca1 Mg2 Mn5 O12,no_error,291,0.09964299201971105,0.09964299201971105
292,Na4 Ir4 O8,no_error,292,0.11506754159927368,0.11506754159927368
293,Eu1 Tl1 Hg2,no_error,293,0.026068766911823804,0.026068766911823804
294,Nb1 Sn1 Ru2,No valid decomposition found for PDEntry : Nb1 Sn1 Ru2 with energy = -33.6934! (e_h: -0.0019054412841796875),294,0.0,-0.0019054412841796875
295,Al2 Bi3 Se9,no_error,295,0.03334866251262447,0.03334866251262447
296,Er2 Mn2 Bi2 O12,no_error,296,0.0625308354695635,0.0625308354695635
297,Dy2 Lu2 In4,No valid decomposition found for PDEntry : Dy2 Lu2 In4 with energy = -32.9222! (e_h: -0.0015516281127929688),297,0.0,-0.0015516281127929688
298,Mn8 Si4,No valid decomposition found for PDEntry : Mn8 Si4 with energy = -98.2345! (e_h: -0.00026162465413648306),298,0.0,-0.00026162465413648306
299,Cu3 Si2 Hg1,no_error,299,0.1894830793142317,0.1894830793142317
300,Ca2 Yb3 Ni3 O12,No valid decomposition found for PDEntry : Ca2 Yb3 Ni3 O12 with energy = -125.2747! (e_h: -0.9970342032432553),300,0.0,-0.9970342032432553
301,Mn1 Cu1 Hg2 Te4,No valid decomposition found for PDEntry : Mn1 Cu1 Hg2 Te4 with energy = -28.9974! (e_h: -0.016524314880371094),301,0.0,-0.016524314880371094
302,Dy1 Ho1 Zn2,No valid decomposition found for PDEntry : Dy1 Ho1 Zn2 with energy = -13.1548! (e_h: -0.0015257596969604492),302,0.0,-0.0015257596969604492
303,Ag7 C3 O8,no_error,303,0.1559611161549883,0.1559611161549883
304,K2 Li1 Ni1 F6,No valid decomposition found for PDEntry : K2 Li1 Ni1 F6 with energy = -49.0247! (e_h: -0.08759450912475586),304,0.0,-0.08759450912475586
305,Li1 Tl3,no_error,305,0.012934446334838867,0.012934446334838867
306,Sm6 Al10 Ge2,no_error,306,0.07796573638916193,0.07796573638916193
307,Ca2 Cu3 Ir1 O8,no_error,307,0.06715508869716036,0.06715508869716036
308,Tb2 Ni8 As2,No valid decomposition found for PDEntry : Tb2 Ni8 As2 with energy = -71.5188! (e_h: -0.019209521157402598),308,0.0,-0.019209521157402598
309,Cs2 Cr2 N4,no_error,309,0.035387635231018066,0.035387635231018066
310,Ba2 Ce1 Fe1 O6,No valid decomposition found for PDEntry : Ba2 Ce1 Fe1 O6 with energy = -76.4630! (e_h: -0.009950399398802823),310,0.0,-0.009950399398802823
311,Er2 Nb2 Co4 O12,no_error,311,0.051849365234375,0.051849365234375
312,Ho3 Co12 B3,no_error,312,0.05305732786655337,0.05305732786655337
313,Y4 Ni3 Ge4,no_error,313,0.09689521789550781,0.09689521789550781
314,Cs1 K1 Te1 I6,no_error,314,0.07002651691436768,0.07002651691436768
315,Cr3 Cu3 S8,no_error,315,0.20075903620038726,0.20075903620038726
316,La1 Pr1 Pd2,no_error,316,0.023891925811767578,0.023891925811767578
317,Mg2 Rh3 S9,no_error,317,0.3224235602787555,0.3224235602787555
318,Pa2 As3 Se1,No valid decomposition found for PDEntry : Pa2 As3 Se1 with energy = -43.1069! (e_h: -0.09681777159372729),318,0.0,-0.09681777159372729
319,Sm9 Pd7,no_error,319,0.06840476393699646,0.06840476393699646
320,Eu5 Ge7 As6,no_error,320,0.06307009855906287,0.06307009855906287
321,Cs2 Ru1 Cl6,No valid decomposition found for PDEntry : Cs2 Ru1 Cl6 with energy = -36.5334! (e_h: -0.09146621492174001),321,0.0,-0.09146621492174001
322,Ti2 S2,no_error,322,0.02487659454345703,0.02487659454345703
323,Be4 Cu2 Pd2,No valid decomposition found for PDEntry : Be4 Cu2 Pd2 with energy = -36.2454! (e_h: -0.021971940994262695),323,0.0,-0.021971940994262695
324,Ca1 Ni2 As2,no_error,324,0.10194778442382812,0.10194778442382812
325,Li3 Cu4 Si1 O8,no_error,325,0.13768285512924194,0.13768285512924194
326,Er3 In3 Rh3,no_error,326,0.13412809371948242,0.13412809371948242
327,Ag3 Cl7,No valid decomposition found for PDEntry : Ag3 Cl7 with energy = -27.6108! (e_h: -0.023793339729309082),327,0.0,-0.023793339729309082
328,Tl3 H5 Pb3 Cl4 F3,no_error,328,0.24383731683095267,0.24383731683095267
329,Na2 Cr2 Sn2 S8,no_error,329,0.073009014129644,0.073009014129644
330,K1 Sr1 As2 O6,no_error,330,0.3288931465149121,0.3288931465149121
331,Al12 Tc2 Mo1,no_error,331,0.0063207944234235924,0.0063207944234235924
332,Y1 Al6 Ga1,No valid decomposition found for PDEntry : Y1 Al6 Ga1 with energy = -33.5958! (e_h: -0.009115378061929746),332,0.0,-0.009115378061929746
333,Na2 Yb1 In1,no_error,333,0.05372072386741644,0.05372072386741644
334,Sr6 In2 Au6,no_error,334,0.039568696703230266,0.039568696703230266
335,Tb1 Sn3,No valid decomposition found for PDEntry : Tb1 Sn3 with energy = -18.3848! (e_h: -0.003806591033935547),335,0.0,-0.003806591033935547
336,K1 Nb1 V4 Se8,no_error,336,0.2193964549473284,0.2193964549473284
337,Y10 In2 Co4,no_error,337,0.025048335393268673,0.025048335393268673
338,Ta1 Re3,No valid decomposition found for PDEntry : Ta1 Re3 with energy = -49.9303! (e_h: -0.04641151428222656),338,0.0,-0.04641151428222656
339,Ce3 Ga1,no_error,339,0.02506415049234967,0.02506415049234967
340,Co5 Ni3,no_error,340,0.027483224868774414,0.027483224868774414
341,Mn1 Nb1 Ru2,No valid decomposition found for PDEntry : Mn1 Nb1 Ru2 with energy = -38.6549! (e_h: -0.00023365020751953125),341,0.0,-0.00023365020751953125
342,Li4 Cu3 O1 F8,no_error,342,0.09962469339370728,0.09962469339370728
343,Pr1 Ru3 C1,No valid decomposition found for PDEntry : Pr1 Ru3 C1 with energy = -41.9977! (e_h: -0.018885326385497336),343,0.0,-0.018885326385497336
344,Tm6 Ni2,no_error,344,0.02315807342529297,0.02315807342529297
345,Lu13 Os3,no_error,345,0.08059072494506836,0.08059072494506836
346,Mg2 Ga4,no_error,346,0.0014462471008300781,0.0014462471008300781
347,U3 Ga4 Ni2,no_error,347,0.009745212516398816,0.009745212516398816
348,Dy2 Cr2 O8,no_error,348,0.08629894256591797,0.08629894256591797
349,Dy4 Ag3 Se9,no_error,349,0.0593041330575943,0.0593041330575943
350,V3 Mo2 O12,no_error,350,0.02909337773043852,0.02909337773043852
351,In1 P3 I3 O11,no_error,351,0.1276345292727168,0.1276345292727168
352,Dy5 Ge5 Pt6,no_error,352,0.14160338044166565,0.14160338044166565
353,Sr5 Cu3 Hg1 O9,no_error,353,0.13657214906480597,0.13657214906480597
354,Sc3 In2 Cu7,no_error,354,0.023804696400960168,0.023804696400960168
355,Li2 Ac1 Tl1,no_error,355,0.03610551357269287,0.03610551357269287
356,Er6 Al4 Pd6,no_error,356,0.11074459552764893,0.11074459552764893
357,Er5 Ga3 O12,no_error,357,0.1148862838745126,0.1148862838745126
358,Ho12 Ge12 Pt8,no_error,358,0.1354080438613865,0.1354080438613865
359,Rb2 Dy1 Tl1 Cl6,no_error,359,0.028337955474854404,0.028337955474854404
360,Ce3 Mn9 B4 N4,no_error,360,0.3179488182067889,0.3179488182067889
361,Cd1 In1 Te2,No valid decomposition found for PDEntry : Cd1 In1 Te2 with energy = -12.1956! (e_h: -0.0029332538445783207),361,0.0,-0.0029332538445783207
362,Ce2 Si2 Ru2,no_error,362,0.04439258575439453,0.04439258575439453
363,Gd2 Al4 Cu4,No valid decomposition found for PDEntry : Gd2 Al4 Cu4 with energy = -63.8145! (e_h: -0.05506902694702198),363,0.0,-0.05506902694702198
364,Na3 Tb4 Cl9,no_error,364,0.15984874963760376,0.15984874963760376
365,Pm2 Dy6,no_error,365,0.003794550895690918,0.003794550895690918
366,Cr4 Co2 O8,no_error,366,0.05763816833496094,0.05763816833496094
367,Pr4 Ni2 Sn8,No valid decomposition found for PDEntry : Pr4 Ni2 Sn8 with energy = -71.4329! (e_h: -0.029621994684613462),367,0.0,-0.029621994684613462
368,Rb2 Si5 Pd9,no_error,368,0.059219032526016235,0.059219032526016235
369,Sr5 Ag2 Pd2 O9,no_error,369,0.1262346532609735,0.1262346532609735
370,Mg1 Cr4 S8,no_error,370,0.1881635189056441,0.1881635189056441
371,Ca5 Os2 O12,No valid decomposition found for PDEntry : Ca5 Os2 O12 with energy = -140.0511! (e_h: -0.09694935146131023),371,0.0,-0.09694935146131023
372,Sr2 Tb3 S7,no_error,372,0.12692513068517108,0.12692513068517108
373,Ni2 As3 Ru3,no_error,373,0.03487019538879288,0.03487019538879288
374,Ho2 Al4 Zn4,No valid decomposition found for PDEntry : Ho2 Al4 Zn4 with energy = -32.8542! (e_h: -0.019122535463362844),374,0.0,-0.019122535463362844
375,Nb9 B7,no_error,375,0.24019145965576172,0.24019145965576172
376,Mn4 Zn1 Co1 O8,no_error,376,0.0263292789459193,0.0263292789459193
377,Zn1 Cu2 Bi3 O9,no_error,377,0.09445035457611528,0.09445035457611528
378,Er5 Co3 Si2 C6,no_error,378,0.2123201688130667,0.2123201688130667
379,Na2 Sn1 Hg1,no_error,379,0.041437625885009544,0.041437625885009544
380,Sc6 Al7 Ni7,no_error,380,0.10287694931030344,0.10287694931030344
381,Ce4 Zn12,No valid decomposition found for PDEntry : Ce4 Zn12 with energy = -43.8673! (e_h: -0.002393960952758789),381,0.0,-0.002393960952758789
382,Li5 Sb4 O11,no_error,382,0.132262516021731,0.132262516021731
383,Al3 P3 N5 O3,no_error,383,0.11938289914812383,0.11938289914812383
384,Li3 Bi1 S4,no_error,384,0.041203781962394714,0.041203781962394714
385,Ni3 Ge3 N6,no_error,385,0.4440951148668928,0.4440951148668928
386,Ce2 Ni10,no_error,386,0.026226520538330078,0.026226520538330078
387,La4 Al2 P1 N1 O10,no_error,387,0.21062681410048256,0.21062681410048256
388,K2 Yb1 Cl4,No valid decomposition found for PDEntry : K2 Yb1 Cl4 with energy = -28.2530! (e_h: -1.1631151373726976),388,0.0,-1.1631151373726976
389,Pm1 Ta1 V2 O8,no_error,389,0.014631222795562948,0.014631222795562948
390,Li4 Fe4 O8,no_error,390,0.00014925003051136088,0.00014925003051136088
391,Nd3 Si2 S3 N4,no_error,391,0.4463258054521342,0.4463258054521342
392,Y3 Al6 Fe4,no_error,392,0.06601430467361702,0.06601430467361702
393,Al1 Si4 O13,no_error,393,0.4698221948411714,0.4698221948411714
394,Fe4 Ge4,no_error,394,0.1121058464050293,0.1121058464050293
395,Mg2 Ni2 Te4 O12,no_error,395,0.04234482863238931,0.04234482863238931
396,Cs2 Sb1 Au1 Cl6,no_error,396,0.05921366214752233,0.05921366214752233
397,Pd4 Rh4,no_error,397,0.047252655029296875,0.047252655029296875
398,Sr1 U3 Ge11,no_error,398,0.043077468872064095,0.043077468872064095
399,Pr8 Nd6 Co2,no_error,399,0.02962327003479004,0.02962327003479004
400,V5 Cr6 Si5,no_error,400,0.09704399108886719,0.09704399108886719
401,Sr1 Sm4 Mn4 Si7,no_error,401,0.40003257989883423,0.40003257989883423
402,Na1 La2 Ni1 W2 O9,no_error,402,0.18566532664828728,0.18566532664828728
403,Yb3 V3 O10,No valid decomposition found for PDEntry : Yb3 V3 O10 with energy = -129.2515! (e_h: -1.5443103661537174),403,0.0,-1.5443103661537174
404,Co2 Ni8 O16,no_error,404,0.016609228574314017,0.016609228574314017
405,Sr1 Eu2 Sb1 O6,No valid decomposition found for PDEntry : Sr1 Eu2 Sb1 O6 with energy = -84.9748! (e_h: -0.0450719152178074),405,0.0,-0.0450719152178074
406,Li5 V2 F13,no_error,406,0.05885767936703701,0.05885767936703701
407,Nd2 Cu1 Ir1,no_error,407,0.03704611460367868,0.03704611460367868
408,Dy2 Al4 O8,no_error,408,0.3159807220337889,0.3159807220337889
409,Sm2 Zn10,No valid decomposition found for PDEntry : Sm2 Zn10 with energy = -25.8305! (e_h: -0.005284309387207919),409,0.0,-0.005284309387207919
410,Yb1 H3 O1,No valid decomposition found for PDEntry : Yb1 H3 O1 with energy = -22.7863! (e_h: -0.4708873897552488),410,0.0,-0.4708873897552488
411,Sr1 Ca1 Ce3 Ho1 O8,no_error,411,0.16343205315725662,0.16343205315725662
412,Sm2 Pt1 Au3,No valid decomposition found for PDEntry : Sm2 Pt1 Au3 with energy = -30.2799! (e_h: -0.0008210142453517477),412,0.0,-0.0008210142453517477
413,V5 Zn1 O10 F2,no_error,413,0.08787081859730073,0.08787081859730073
414,Mg5 Zn1,no_error,414,0.0115514985943459,0.0115514985943459
415,Ho4 Ga7 Ir3,no_error,415,0.008350210530416291,0.008350210530416291
416,La1 Zn1 Fe4,no_error,416,0.0374126434326163,0.0374126434326163
417,As5 Ru3,no_error,417,0.030044436454774726,0.030044436454774726
418,Cs2 As1 Au1 Cl6,no_error,418,0.4609228968620305,0.4609228968620305
419,La4 Cu2 Pb12,no_error,419,0.07423014110989179,0.07423014110989179
420,La2 Ti3 Fe3 O12,no_error,420,0.09275670051574458,0.09275670051574458
421,Ca3 Gd3 Hg3 Ge7,no_error,421,0.04279249906539917,0.04279249906539917
422,Th1 Tl1 Au2,No valid decomposition found for PDEntry : Th1 Tl1 Au2 with energy = -18.4518! (e_h: -0.02575308084487915),422,0.0,-0.02575308084487915
423,W1 N2,no_error,423,0.11439800262451172,0.11439800262451172
424,Nd2 Mn15 Al2,no_error,424,0.205116698616429,0.205116698616429
425,K2 Tl2 O4,no_error,425,0.25028276443481445,0.25028276443481445
426,Rb2 Na1 Yb1 F6,No valid decomposition found for PDEntry : Rb2 Na1 Yb1 F6 with energy = -45.8302! (e_h: -1.0416691616058356),426,0.0,-1.0416691616058356
427,V2 Ag2 B4 O12,no_error,427,0.23615709543229446,0.23615709543229446
428,Sn4 O6,no_error,428,0.07940168380737234,0.07940168380737234
429,Sm1 Pb1 S2,no_error,429,0.06725341081619263,0.06725341081619263
430,Cs2 Rb1 Mo1 Cl6,no_error,430,0.015287216504415113,0.015287216504415113
431,Y4 Ag3 S7,no_error,431,0.10004050391060737,0.10004050391060737
432,Cs2 K1 Au1 Br6,no_error,432,0.021522617340088424,0.021522617340088424
433,Ag2 I4 O13,no_error,433,0.05281220820912136,0.05281220820912136
434,Rb2 Tb2 Ge2 O12,no_error,434,0.3405389785766584,0.3405389785766584
435,Li1 Cu4 W2 O12,no_error,435,0.1016056788595101,0.1016056788595101
436,Sr2 Sn1 Ir1 O6,no_error,436,0.02580695152282697,0.02580695152282697
437,Lu1 Mg1 Cd2,No valid decomposition found for PDEntry : Lu1 Mg1 Cd2 with energy = -8.9449! (e_h: -0.0036449432373046875),437,0.0,-0.0036449432373046875
438,Al2 Pd6,no_error,438,0.03765869140624911,0.03765869140624911
439,Ho5 Co3 O12,no_error,439,0.13401484489440563,0.13401484489440563
440,K1 Y1 Pb1 W1 O6,no_error,440,0.04426517486571768,0.04426517486571768
441,Na2 Pr4 Cd2,no_error,441,0.13911855220794678,0.13911855220794678
442,K2 P2 C1 O3,no_error,442,0.4804807447251811,0.4804807447251811
443,Li1 Sn1 Au2,No valid decomposition found for PDEntry : Li1 Sn1 Au2 with energy = -13.9516! (e_h: -0.00714898109436346),443,0.0,-0.00714898109436346
444,Y2 Al5 Zn3 Si3,no_error,444,0.11502515811186509,0.11502515811186509
445,Br2 Cl1 O9,No valid decomposition found for PDEntry : Br2 Cl1 O9 with energy = -51.6998! (e_h: -0.03548457225163748),445,0.0,-0.03548457225163748
446,Cu2 O2,no_error,446,0.13821744918823242,0.13821744918823242
447,Ba4 Sm2 W2 O12,No valid decomposition found for PDEntry : Ba4 Sm2 W2 O12 with energy = -163.8621! (e_h: -0.00043392181396484375),447,0.0,-0.00043392181396484375
448,Li1 Sc2 Pd1,no_error,448,0.03025341033935547,0.03025341033935547
449,Sr1 Yb2 Mn2 Zn1 As4,no_error,449,0.08928360042571715,0.08928360042571715
450,Mn1 In2 Cu2 Se4,no_error,450,0.06550602854034082,0.06550602854034082
451,Cr4 N4,No valid decomposition found for PDEntry : Cr4 N4 with energy = -76.3361! (e_h: -0.0023670196533203125),451,0.0,-0.0023670196533203125
452,Zn4 Si6 P8,no_error,452,0.1965193748474121,0.1965193748474121
453,Li2 Co1 Ge3 O8,no_error,453,0.06690549850461469,0.06690549850461469
454,K2 Mo6 Se6,no_error,454,0.26623249053955167,0.26623249053955167
455,Cr5 Ag1 S8,no_error,455,0.1101409537451623,0.1101409537451623
456,Er4 Ni3 P5,no_error,456,0.15438388075147458,0.15438388075147458
457,Li5 Ti3 Co2 O10,no_error,457,0.1041902890281099,0.1041902890281099
458,Sn2 Ir2,No valid decomposition found for PDEntry : Sn2 Ir2 with energy = -26.9879! (e_h: -0.005341529846191406),458,0.0,-0.005341529846191406
459,Bi4 Pb2 O8,no_error,459,0.15186548233032227,0.15186548233032227
460,In1 Ni3 N1,No valid decomposition found for PDEntry : In1 Ni3 N1 with energy = -29.1825! (e_h: -0.0036067962646484375),460,0.0,-0.0036067962646484375
461,V3 As3 O8 F2,no_error,461,0.10999053716659546,0.10999053716659546
462,Ag5 Te7,No valid decomposition found for PDEntry : Ag5 Te7 with energy = -38.6285! (e_h: -0.016925175984700225),462,0.0,-0.016925175984700225
463,Cs2 Sm2 S4,No valid decomposition found for PDEntry : Cs2 Sm2 S4 with energy = -44.2481! (e_h: -0.0013065338134765625),463,0.0,-0.0013065338134765625
464,Sr1 La2 Eu2 Ru3 O12,no_error,464,0.14104148562138086,0.14104148562138086
465,Mn4 O1 F7,no_error,465,0.052565574645990765,0.052565574645990765
466,In2,no_error,466,8.724453687667847,8.724453687667847
467,Er3 As6 Rh8,no_error,467,0.05144059339309326,0.05144059339309326
468,Sr3 La2 Re1 W1 O12,no_error,468,0.21640672181784382,0.21640672181784382
469,Li2 Fe2 Ni1 B4 O11,no_error,469,0.08724856138229065,0.08724856138229065
470,Nd1 Y2 B6 Rh8,no_error,470,0.14099446464987242,0.14099446464987242
471,Yb1 H4 Br2,No valid decomposition found for PDEntry : Yb1 H4 Br2 with energy = -24.5193! (e_h: -0.6227442643301826),471,0.0,-0.6227442643301826
472,Sr2 Te2,no_error,472,5.245208740234375e-05,5.245208740234375e-05
473,Ho2 Co4,no_error,473,0.00930452346801669,0.00930452346801669
474,Sc2 Cu1 Pt1,No valid decomposition found for PDEntry : Sc2 Cu1 Pt1 with energy = -26.0360! (e_h: -0.003551959991455078),474,0.0,-0.003551959991455078
475,Eu4 Ga1 Co1 P11,no_error,475,0.06526397256290117,0.06526397256290117
476,Na1 Tl2 Bi1,no_error,476,0.004172563552855557,0.004172563552855557
477,Li2 V1 Ga1 Co2 O8,no_error,477,0.06242802483694554,0.06242802483694554
478,Ba2 Ta1 Nb1 O6,no_error,478,0.21468050479889733,0.21468050479889733
479,Pr2 Ni4 As4,no_error,479,0.008791446685791016,0.008791446685791016
480,Li2 In2 Pt4,No valid decomposition found for PDEntry : Li2 In2 Pt4 with energy = -38.3843! (e_h: -0.01187753677368164),480,0.0,-0.01187753677368164
481,Zn2 Cu2 Te1 Se3,no_error,481,0.1314287483692156,0.1314287483692156
482,Ba4 Sr2 In1 Sb1 O12,no_error,482,0.13368921279906854,0.13368921279906854
483,Fe3 W1 C1,no_error,483,0.18194229291833075,0.18194229291833075
484,Mo2 W2 Se2 S6,no_error,484,0.07985401153564453,0.07985401153564453
485,Cu1 Ag1 Se2,no_error,485,0.0792398750782004,0.0792398750782004
486,Dy1 Co2 B2,no_error,486,0.13160037994384766,0.13160037994384766
487,As4 W2,no_error,487,0.05941506958007814,0.05941506958007814
488,Yb3 Pr2 Se9,No valid decomposition found for PDEntry : Yb3 Pr2 Se9 with energy = -69.1118! (e_h: -0.85652204813276),488,0.0,-0.85652204813276
489,Er2 Be2 Cu8,no_error,489,0.0009163342989406686,0.0009163342989406686
490,Cs2 Na1 Y1 F6,No valid decomposition found for PDEntry : Cs2 Na1 Y1 F6 with energy = -57.4788! (e_h: -0.0493769645690918),490,0.0,-0.0493769645690918
491,Li5 Ca2 Ga1 N4,no_error,491,0.08008503913879395,0.08008503913879395
492,Sr2 Mg1 Sb1 O6,No valid decomposition found for PDEntry : Sr2 Mg1 Sb1 O6 with energy = -65.4887! (e_h: -0.04363627433776873),492,0.0,-0.04363627433776873
493,Ga3 Pt5,No valid decomposition found for PDEntry : Ga3 Pt5 with energy = -43.8972! (e_h: -0.007237911224365234),493,0.0,-0.007237911224365234
494,Fe2 I6,No valid decomposition found for PDEntry : Fe2 I6 with energy = -29.0654! (e_h: -0.14783784747123718),494,0.0,-0.14783784747123718
495,Hf6,no_error,495,0.048880577087402344,0.048880577087402344
496,Yb2 Al2 Pd4,No valid decomposition found for PDEntry : Yb2 Al2 Pd4 with energy = -38.2133! (e_h: -0.2513928003311161),496,0.0,-0.2513928003311161
497,Ho2 Zn1 Au1,No valid decomposition found for PDEntry : Ho2 Zn1 Au1 with energy = -16.2278! (e_h: -0.0025959014892578125),497,0.0,-0.0025959014892578125
498,Li4 La2 Si3,No valid decomposition found for PDEntry : Li4 La2 Si3 with energy = -37.7714! (e_h: -0.0004943211873360553),498,0.0,-0.0004943211873360553
499,Dy3 Mg1,No valid decomposition found for PDEntry : Dy3 Mg1 with energy = -15.5042! (e_h: -0.0013630390167236328),499,0.0,-0.0013630390167236328
500,Ho4 As4 Pd4,no_error,500,0.07697772979736328,0.07697772979736328
501,Eu2 P4 Pt4,No valid decomposition found for PDEntry : Eu2 P4 Pt4 with energy = -75.9916! (e_h: -0.017420959472653763),501,0.0,-0.017420959472653763
502,Y2 Ru1 Au1,No valid decomposition found for PDEntry : Y2 Ru1 Au1 with energy = -27.8174! (e_h: -0.000255584716796875),502,0.0,-0.000255584716796875
503,Nd3 Al5 Ni4,no_error,503,0.08643001980251785,0.08643001980251785
504,Rb2 Co2 Br2 O10,no_error,504,0.147269606590271,0.147269606590271
505,Li4 Nd2 Al2,no_error,505,0.05337381362915039,0.05337381362915039
506,Bi2 O4 F2,no_error,506,0.24386778744784277,0.24386778744784277
507,Mg2 Cd2 Bi2,no_error,507,0.06824336449305202,0.06824336449305202
508,Ce1 Hg1 Pb1,No valid decomposition found for PDEntry : Ce1 Hg1 Pb1 with energy = -10.8766! (e_h: -0.008597918919154957),508,0.0,-0.008597918919154957
509,Nd2 Si4 Hg3 S1,no_error,509,0.09794416129589134,0.09794416129589134
510,Co1 Cu2 Se4,no_error,510,0.08552646636962802,0.08552646636962802
511,In3 Sb3 Pt6,no_error,511,0.034651080767314824,0.034651080767314824
512,Ru3 Se5,no_error,512,0.11882928013801664,0.11882928013801664
513,Ti6 Au2,no_error,513,0.003116130828857422,0.003116130828857422
514,V4 O4 F8,no_error,514,0.08393263816833141,0.08393263816833141
515,Zr3 Ti1 Ge2,no_error,515,0.3140739123026517,0.3140739123026517
516,Ga2 Co1 S4,no_error,516,0.048336994080314,0.048336994080314
517,Y3,No valid decomposition found for PDEntry : Y3 with energy = -19.3336! (e_h: -0.0003809928894042969),517,0.0,-0.0003809928894042969
518,Cs4 I6,No valid decomposition found for PDEntry : Cs4 I6 with energy = -27.5174! (e_h: -0.006021213531493874),518,0.0,-0.006021213531493874
519,Cd2 Cu6 O8,no_error,519,0.0846642255783081,0.0846642255783081
520,La1 Ni5,no_error,520,0.12086248397827148,0.12086248397827148
521,In3 Ag1 S4,no_error,521,0.03083986043929965,0.03083986043929965
522,Yb1 Os1 Pb2 O6,No valid decomposition found for PDEntry : Yb1 Os1 Pb2 O6 with energy = -69.0251! (e_h: -0.6056239440917963),522,0.0,-0.6056239440917963
523,Fe2 As4,No valid decomposition found for PDEntry : Fe2 As4 with energy = -37.1399! (e_h: -0.008882999420166016),523,0.0,-0.008882999420166016
524,Hf2 B4 Ir4 C2,no_error,524,0.2786734444754462,0.2786734444754462
525,Er2 Mg2 Zn1 Ru1,no_error,525,0.07419594460063461,0.07419594460063461
526,Sm1 Tm1,no_error,526,0.004860877990722656,0.004860877990722656
527,La2 Fe2 I10,no_error,527,0.025456360408240286,0.025456360408240286
528,K3 Mn2 P3,no_error,528,0.04172862569491187,0.04172862569491187
529,Li8 Nd4 Tl4,No valid decomposition found for PDEntry : Li8 Nd4 Tl4 with energy = -47.5553! (e_h: -0.0022630691528324753),529,0.0,-0.0022630691528324753
530,Li4 V3 O2 F11,no_error,530,0.08239138126373913,0.08239138126373913
531,K1 Co2 P2,No valid decomposition found for PDEntry : K1 Co2 P2 with energy = -29.0256! (e_h: -0.005636692047119141),531,0.0,-0.005636692047119141
532,Na2 Mn2 F10,No valid decomposition found for PDEntry : Na2 Mn2 F10 with energy = -77.1447! (e_h: -0.13102399735223536),532,0.0,-0.13102399735223536
533,Tm2 Nb2 Ru4,No valid decomposition found for PDEntry : Tm2 Nb2 Ru4 with energy = -69.2283! (e_h: -0.0031633377075195312),533,0.0,-0.0031633377075195312
534,Si2 Pd2 O8,no_error,534,0.24959969520568848,0.24959969520568848
535,Li2 Mn2 B2 H2 O10,no_error,535,0.1875780804756939,0.1875780804756939
536,Cs3 Gd2 Te7,No valid decomposition found for PDEntry : Cs3 Gd2 Te7 with energy = -68.9850! (e_h: -0.04586648941039417),536,0.0,-0.04586648941039417
537,Ba1 Cr2 S5,no_error,537,0.04235118627546619,0.04235118627546619
538,Sc5 V2 O9,no_error,538,0.18837749958038152,0.18837749958038152
539,Li3 V3 O8,no_error,539,0.08549472263880276,0.08549472263880276
540,Mg1 Zr1 Hg2,No valid decomposition found for PDEntry : Mg1 Zr1 Hg2 with energy = -11.5977! (e_h: -0.014272093772888184),540,0.0,-0.014272093772888184
541,Zr10 P5 O1,no_error,541,0.1708592772483808,0.1708592772483808
542,Sm2 Fe5 O11,no_error,542,0.1453416877322713,0.1453416877322713
543,Tb10 Sn6,no_error,543,0.09900093078613281,0.09900093078613281
544,Hf4 Tc2 Os2,No valid decomposition found for PDEntry : Hf4 Tc2 Os2 with energy = -87.5920! (e_h: -0.0038099288940429688),544,0.0,-0.0038099288940429688
545,V2 Cr4 Ni1 O11,no_error,545,0.13168573379515358,0.13168573379515358
546,Dy2 Al14 Fe10,no_error,546,0.015520095825197977,0.015520095825197977
547,Co3 Si3 H2,no_error,547,0.15979816019535065,0.15979816019535065
548,Cs3 Y1 O4,no_error,548,0.15993499755859375,0.15993499755859375
549,Tm4 Sn10,no_error,549,0.03235173225402832,0.03235173225402832
550,Nb1 Al4 Cu1,no_error,550,0.05609607696533203,0.05609607696533203
551,Cs6 H4 O6,no_error,551,0.08119511604309082,0.08119511604309082
552,Zr2 P4 Pb2 S12,no_error,552,0.0795164280828331,0.0795164280828331
553,Li3 Fe3 Co2 O8,No valid decomposition found for PDEntry : Li3 Fe3 Co2 O8 with energy = -112.0901! (e_h: -0.0012876192728672464),553,0.0,-0.0012876192728672464
554,U2 Ti2 Fe2 B4 C2,no_error,554,0.11914035252162414,0.11914035252162414
555,K2 Ho2 S4,No valid decomposition found for PDEntry : K2 Ho2 S4 with energy = -44.8308! (e_h: -0.001485347747805399),555,0.0,-0.001485347747805399
556,Ba2 Sr1 P2 O8,no_error,556,0.05936972300211796,0.05936972300211796
557,Al2 H2,no_error,557,0.323336124420166,0.323336124420166
558,Pm2 Sm2 Al4,no_error,558,0.01013557116190622,0.01013557116190622
559,Li2 Co3 Sb1 O8,no_error,559,0.020428657531726735,0.020428657531726735
560,P3 H1 Cl5 O7,no_error,560,0.0820722331603374,0.0820722331603374
561,Mn6 O4 F8,no_error,561,0.08028984069824041,0.08028984069824041
562,Dy3 Ge8 Ir5,no_error,562,0.08337131142616272,0.08337131142616272
563,Zr11 N7,no_error,563,0.11584917704264441,0.11584917704264441
564,Ca2 Se2,No valid decomposition found for PDEntry : Ca2 Se2 with energy = -19.7376! (e_h: -0.00012683868408203125),564,0.0,-0.00012683868408203125
565,Ba2 Nd5 O11,no_error,565,0.14414714442359422,0.14414714442359422
566,V2 O1 F7,no_error,566,0.009009552001953303,0.009009552001953303
567,K2 W4 Cl9 O5,no_error,567,0.13862697680791225,0.13862697680791225
568,Eu2 Fe12 Ge12,no_error,568,0.025891943874521317,0.025891943874521317
569,Gd5 P6 Au3,no_error,569,0.08506458713894816,0.08506458713894816
570,Gd2 Fe10,no_error,570,0.05696676174799542,0.05696676174799542
571,Cr3 Os6 W3,No valid decomposition found for PDEntry : Cr3 Os6 W3 with energy = -135.0873! (e_h: -0.017067114512126835),571,0.0,-0.017067114512126835
572,Zn1 Cu2 Sn1 O4,no_error,572,0.18576794862747192,0.18576794862747192
573,K1 Li3 Fe4 F12,no_error,573,0.03626668453216375,0.03626668453216375
574,Sc3 V4 S13,no_error,574,0.17108836770057767,0.17108836770057767
575,K9 Bi3 Sb4,no_error,575,0.028263047337532043,0.028263047337532043
576,Ba2 Y1 Nb1 O6,no_error,576,0.05726909637451172,0.05726909637451172
577,Ce3 Bi1,no_error,577,0.04391928513844867,0.04391928513844867
578,Li2 Mn2 Co1 Ni1 O8,no_error,578,0.4758065938949576,0.4758065938949576
579,W4 S8,no_error,579,0.3390936851501465,0.3390936851501465
580,Mg2 Ni4,no_error,580,0.05482625961303711,0.05482625961303711
581,U2 In2 Cu8,no_error,581,0.16772105958726602,0.16772105958726602
582,La1 Ne1 O1,no_error,582,0.18680127068526264,0.18680127068526264
583,Tm2 C3 O7,no_error,583,0.35594765345255475,0.35594765345255475
584,Sb3 Pd7,no_error,584,0.016854286193846768,0.016854286193846768
585,Ti1 Ni1,no_error,585,0.008814811706542969,0.008814811706542969
586,Ba8 Zr2 Ge4 S2,no_error,586,0.19573022127151507,0.19573022127151507
587,Mg2 Sc4,no_error,587,0.022153218587239287,0.022153218587239287
588,K2 Nd2 Te4,no_error,588,0.10445547103881836,0.10445547103881836
589,Li4 Ga2 F12,No valid decomposition found for PDEntry : Li4 Ga2 F12 with energy = -86.0730! (e_h: -0.007689952850341797),589,0.0,-0.007689952850341797
590,Tm8 Mg4 Be4,no_error,590,0.17828425994286246,0.17828425994286246
591,Ba1 Ca1 Ta1 W1 O8,no_error,591,0.1483510732650668,0.1483510732650668
592,Li6 Al2 Si1 O8,no_error,592,0.12041605220121454,0.12041605220121454
593,Ga2 Ag7 Cl6 O5,no_error,593,0.1850080609321605,0.1850080609321605
594,Mn2 Zn2 Co2 Ni2,no_error,594,0.03296947479248047,0.03296947479248047
595,Ba1 Eu1 U1 Sn1 O6,no_error,595,0.1408268910187953,0.1408268910187953
596,Zn1 Au3,No valid decomposition found for PDEntry : Zn1 Au3 with energy = -11.5663! (e_h: -0.0024046897888183594),596,0.0,-0.0024046897888183594
597,Sc2 O2 F2,no_error,597,0.2505193286471883,0.2505193286471883
598,Li3 Mg5 O8,no_error,598,0.13300198316574097,0.13300198316574097
599,Y1 Se1,no_error,599,4.100799560546875e-05,4.100799560546875e-05
600,Tl2 Fe1 F7,No valid decomposition found for PDEntry : Tl2 Fe1 F7 with energy = -49.6488! (e_h: -0.032946523030599195),600,0.0,-0.032946523030599195
601,Cr3 Fe1 O6,No valid decomposition found for PDEntry : Cr3 Fe1 O6 with energy = -88.3502! (e_h: -0.014100551605222833),601,0.0,-0.014100551605222833
602,Ge7 B4 Ir9,no_error,602,0.04318656921386754,0.04318656921386754
603,Ta6 Pt2,no_error,603,0.030818939208984375,0.030818939208984375
604,Rb2 Cd1 Te1,no_error,604,0.21259327232837677,0.21259327232837677
605,Ti4 Ni2 Os2,No valid decomposition found for PDEntry : Ti4 Ni2 Os2 with energy = -69.6679! (e_h: -0.016012191772460938),605,0.0,-0.016012191772460938
606,Ce7 Bi8 Au5,no_error,606,0.013603467941284642,0.013603467941284642
607,Li11 P1 Br1,no_error,607,0.1187448501586914,0.1187448501586914
608,Lu3 Cd3 Rh6,No valid decomposition found for PDEntry : Lu3 Cd3 Rh6 with energy = -68.2592! (e_h: -0.008092403411865234),608,0.0,-0.008092403411865234
609,Ce1 Pb1 Au2,no_error,609,8.916854858398438e-05,8.916854858398438e-05
610,Al4 Cr8 Si4 B2,no_error,610,0.12366834794632098,0.12366834794632098
611,P1 H6 N1,no_error,611,0.15021467208862305,0.15021467208862305
612,Er4 B2 Os2,no_error,612,0.11657238006591797,0.11657238006591797
613,Nd2 S2 Cl2,no_error,613,0.07266855239868342,0.07266855239868342
614,Tm1 Sc1 Mo6 Se7,no_error,614,0.31068463758988774,0.31068463758988774
615,Ac6 Tl6 Sn4,No valid decomposition found for PDEntry : Ac6 Tl6 Sn4 with energy = -61.4988! (e_h: -0.027413725852967197),615,0.0,-0.027413725852967197
616,K1 Rb2 Y1 Cl6,No valid decomposition found for PDEntry : K1 Rb2 Y1 Cl6 with energy = -45.9508! (e_h: -0.03595924377441406),616,0.0,-0.03595924377441406
617,Tb5 Mn6 Si9,no_error,617,0.11263712247212432,0.11263712247212432
618,Pr2 Au6,no_error,618,0.0057088084842842335,0.0057088084842842335
619,Sn2 Sb1 Te4,No valid decomposition found for PDEntry : Sn2 Sb1 Te4 with energy = -27.7173! (e_h: -0.03036969048636351),619,0.0,-0.03036969048636351
620,Sr7 Bi13,no_error,620,0.06299394369125366,0.06299394369125366
621,Na1 Mg2 Ag3,no_error,621,0.059951066970825195,0.059951066970825195
622,Tb4 Fe4 O12,no_error,622,0.15215587615966442,0.15215587615966442
623,Li5 Mn3 Co1 O10,no_error,623,0.09801534602516959,0.09801534602516959
624,Ca8 Ge4,no_error,624,0.06701922416687012,0.06701922416687012
625,Tb4 Mn1 S7,no_error,625,0.09431695938109819,0.09431695938109819
626,Tb2 Fe2 O5,no_error,626,0.1583238177829358,0.1583238177829358
627,Ce2 Pd6,no_error,627,0.0021433830261221587,0.0021433830261221587
628,Na2 Co3 O7,no_error,628,0.09973500569661642,0.09973500569661642
629,Ho4 V4 O12,No valid decomposition found for PDEntry : Ho4 V4 O12 with energy = -179.5456! (e_h: -0.010054588317871094),629,0.0,-0.010054588317871094
630,Th3 U1,no_error,630,0.28773272037506104,0.28773272037506104
631,Np1 H5 Br2,no_error,631,0.16862142086029053,0.16862142086029053
632,Lu4 Ge6 Rh8,no_error,632,0.07025889861278145,0.07025889861278145
633,Cu4 Hg1 Ge1 Se8,no_error,633,0.0498850686209531,0.0498850686209531
634,Sr3 La1 Cr1 Mo1 O8,no_error,634,0.1663743768419561,0.1663743768419561
635,K1 Rb1 F6,no_error,635,0.029894471168518066,0.029894471168518066
636,Sr2 Mg1 Ta1 O6,No valid decomposition found for PDEntry : Sr2 Mg1 Ta1 O6 with energy = -78.5247! (e_h: -0.01717946529388481),636,0.0,-0.01717946529388481
637,Al1 Ru1,No valid decomposition found for PDEntry : Al1 Ru1 with energy = -14.4730! (e_h: -0.00203275680542081),637,0.0,-0.00203275680542081
638,Sr2 Co1 W1 O6,no_error,638,0.011522769927985621,0.011522769927985621
639,Co2 Ni6 N2,no_error,639,0.04162066777547224,0.04162066777547224
640,Gd1 Ge2 Rh2,No valid decomposition found for PDEntry : Gd1 Ge2 Rh2 with energy = -42.4149! (e_h: -0.008623123168945312),640,0.0,-0.008623123168945312
641,Nd1 Al1 Cu4,No valid decomposition found for PDEntry : Nd1 Al1 Cu4 with energy = -26.7055! (e_h: -0.043077945709228516),641,0.0,-0.043077945709228516
642,Cr6 Sn2,no_error,642,0.14090317487716675,0.14090317487716675
643,Li2 Ac4 Ge2,No valid decomposition found for PDEntry : Li2 Ac4 Ge2 with energy = -32.2760! (e_h: -0.011513710021972656),643,0.0,-0.011513710021972656
644,K2 Hf1 I6,no_error,644,0.5018146832784023,0.5018146832784023
645,Rb2 Li1 Bi1 Br6,no_error,645,0.03546552658081081,0.03546552658081081
646,U2 Ge4 Pd4,No valid decomposition found for PDEntry : U2 Ge4 Pd4 with energy = -66.4857! (e_h: -0.003101348876953125),646,0.0,-0.003101348876953125
647,Li2 Zr1 Ni2 F13,No valid decomposition found for PDEntry : Li2 Zr1 Ni2 F13 with energy = -96.6296! (e_h: -0.017934375339084596),647,0.0,-0.017934375339084596
648,In3 Ga1,No valid decomposition found for PDEntry : In3 Ga1 with energy = -11.1315! (e_h: -0.009230315685272217),648,0.0,-0.009230315685272217
649,Eu2 Cd1 Hg1,No valid decomposition found for PDEntry : Eu2 Cd1 Hg1 with energy = -23.6313! (e_h: -0.003902912139892578),649,0.0,-0.003902912139892578
650,Li2 Sb1 Au1,no_error,650,0.038434743881225586,0.038434743881225586
651,Yb4 Si3 B3 Ir10,No valid decomposition found for PDEntry : Yb4 Si3 B3 Ir10 with energy = -143.9526! (e_h: -0.37538520393371577),651,0.0,-0.37538520393371577
652,Li3 Fe2 Co1 O6,no_error,652,0.1892446411980746,0.1892446411980746
653,Li4 Lu2 Pb2,no_error,653,0.000782826367546896,0.000782826367546896
654,Ce3 Fe2 Ni2 Sn5,no_error,654,0.10220249493916889,0.10220249493916889
655,Sr3 Cu1 O4,no_error,655,0.1102670431137085,0.1102670431137085
656,Te3 Mo2 W1 Se3,no_error,656,0.3294827143351231,0.3294827143351231
657,Ge8,no_error,657,0.05138349533081055,0.05138349533081055
658,Sr4 In4 O10,no_error,658,0.17392026053534604,0.17392026053534604
659,Sr1 Tm1 Bi2 O6,no_error,659,0.17458909749985274,0.17458909749985274
660,Sr1 La2 Nb1 O7,no_error,661,0.7509643164547999,0.7509643164547999
661,K1 Zr1 F6,No valid decomposition found for PDEntry : K1 Zr1 F6 with energy = -47.9258! (e_h: -0.029621601104736328),662,0.0,-0.029621601104736328
662,Mn2 Ga1 Cu1 Te4,no_error,663,0.041629910469055176,0.041629910469055176
663,Cu12 Se4,no_error,664,0.09757035970687866,0.09757035970687866
664,Ba2 Sr1 Bi3 Te2 O12,no_error,665,0.02646315097808838,0.02646315097808838
665,Sr4 Mo4 O12,no_error,666,0.1401844024658203,0.1401844024658203
666,Li2 V3 F9,no_error,667,0.04657776015145476,0.04657776015145476
667,Yb1 Sc2 O5,No valid decomposition found for PDEntry : Yb1 Sc2 O5 with energy = -64.2157! (e_h: -0.6967502031326305),668,0.0,-0.6967502031326305
668,Np2 Ni6,no_error,669,0.023704433441161576,0.023704433441161576
669,Lu1 Mg1,No valid decomposition found for PDEntry : Lu1 Mg1 with energy = -6.2292! (e_h: -0.0004749298095707566),670,0.0,-0.0004749298095707566
670,Ni2 I4,No valid decomposition found for PDEntry : Ni2 I4 with energy = -19.7276! (e_h: -0.002231597900390625),671,0.0,-0.002231597900390625
671,La3 Nd1 Cr2 Fe2 O12,No valid decomposition found for PDEntry : La3 Nd1 Cr2 Fe2 O12 with energy = -174.5051! (e_h: -0.0021740595499863957),672,0.0,-0.0021740595499863957
672,Mg2 Tl6,No valid decomposition found for PDEntry : Mg2 Tl6 with energy = -17.4171! (e_h: -0.0052089691162109375),673,0.0,-0.0052089691162109375
673,Hf2 Sb4,no_error,674,0.04602861404418945,0.04602861404418945
674,K3 Gd4 Sb2 C11,no_error,675,0.3681498780846617,0.3681498780846617
675,Pr1 B2 Ru2,no_error,676,0.06750965118408114,0.06750965118408114
676,Rb3 Th1 Se6,no_error,677,0.06111131906509293,0.06111131906509293
677,Ce2 Al2 Os2,no_error,678,0.011368155479430264,0.011368155479430264
678,Li2 Gd4 Pd2,no_error,679,0.0572359561920166,0.0572359561920166
679,Ca8 Dy4 Lu4,no_error,680,0.17653882503509521,0.17653882503509521
680,K3 Fe3 F12,no_error,681,0.3369908332824707,0.3369908332824707
681,U2 Sb2 Te2,no_error,682,0.12113428115844727,0.12113428115844727
682,Nb6 Si1 Ge1,no_error,683,0.10847949981689453,0.10847949981689453
683,Ti4 O8,no_error,684,0.12285137176513494,0.12285137176513494
684,Cr1 Fe2 B3,no_error,685,0.13280900319417377,0.13280900319417377
685,Tl2 S2,no_error,686,0.0620455145835872,0.0620455145835872
686,Ca1 F4,no_error,687,0.0761271476745593,0.0761271476745593
687,Li2 Ca2 P2,no_error,688,0.0864262580871582,0.0864262580871582
688,Li2 Cd1 Bi1,no_error,689,0.016496896743774414,0.016496896743774414
689,U2 Cd2 C2 S2,no_error,690,0.3332679420709601,0.3332679420709601
690,Ti3 Zn4 As5,no_error,691,0.049480696519215606,0.049480696519215606
691,Cs2 Rb1 Lu1 Cl6,No valid decomposition found for PDEntry : Cs2 Rb1 Lu1 Cl6 with energy = -43.8468! (e_h: -0.04314994812011719),692,0.0,-0.04314994812011719
692,Fe4 Bi4 O12,No valid decomposition found for PDEntry : Fe4 Bi4 O12 with energy = -140.9476! (e_h: -0.0069522857666015625),693,0.0,-0.0069522857666015625
693,Ta2 Mn4 Ge2,no_error,694,0.06645932793617249,0.06645932793617249
694,Ca9 In7,no_error,695,0.0022694170475006104,0.0022694170475006104
695,Sm3 Co7 P8,no_error,696,0.1305906507703991,0.1305906507703991
696,Nd3,No valid decomposition found for PDEntry : Nd3 with energy = -14.1909! (e_h: -0.00010919570922851562),697,0.0,-0.00010919570922851562
697,Ga2 Pb2,no_error,698,0.05269837379455522,0.05269837379455522
698,Li4 Al1 F5,no_error,699,0.183240699768068,0.183240699768068
699,Th3 Ga2 Ni1,no_error,700,0.16851123174031457,0.16851123174031457
700,Na5 Re3 O8,no_error,701,0.39618547473635957,0.39618547473635957
701,Ta2 V2 C3 N1,no_error,702,0.2679905891418457,0.2679905891418457
702,Li5 Mn3 Co2 O10,no_error,703,0.07523088455200089,0.07523088455200089
703,Rb4 In5 Po3,No valid decomposition found for PDEntry : Na2 Nd2 Te4 with energy = -36.9720! (e_h: -0.07520925998687922),704,0.0,-0.07520925998687922
704,Na2 Nd2 Te4,no_error,705,0.03636645078659306,0.03636645078659306
705,Sr2 Sm4 Ir2 O12,no_error,706,0.041281563895093853,0.041281563895093853
706,Li3 Ni2 F9,no_error,707,0.1256306171417192,0.1256306171417192
707,Li4 Cr3 N3 O2,no_error,708,0.006900151570638613,0.006900151570638613
708,Th4 Hg2,No valid decomposition found for PDEntry : Gd2 Br2 O2 with energy = -61.2321! (e_h: -0.011317253112794745),709,0.0,-0.011317253112794745
709,Gd2 Br2 O2,no_error,710,0.2869018713633231,0.2869018713633231
710,Eu2 C1 Cl1,no_error,711,0.017356395721435547,0.017356395721435547
711,Ba2 Ta2 Se6,no_error,712,0.006486497606548625,0.006486497606548625
712,Tb4 C2 Br4,no_error,713,0.10951647758483851,0.10951647758483851
713,Li4 La3 Mo2 O11,no_error,714,0.0011043548583984375,0.0011043548583984375
714,Sr1 Zn1 Si1,no_error,715,0.15415781736373813,0.15415781736373813
715,Na1 Li3 Mn4 O5 F3,no_error,716,0.03563594818115057,0.03563594818115057
716,Zr2 Ag3 F13,no_error,717,0.04194764863877065,0.04194764863877065
717,In8 Cu4 Se16,no_error,718,0.03138150487627378,0.03138150487627378
718,Ho4 Ga8 Cu2,no_error,719,0.009454727172849786,0.009454727172849786
719,Ba2 Pr2 Cl10,No valid decomposition found for PDEntry : Bi3 Br2 O7 with energy = -62.8508! (e_h: -0.0031462907791137695),720,0.0,-0.0031462907791137695
720,Bi3 Br2 O7,no_error,721,0.8783482074737554,0.8783482074737554
721,Y2 C2 Se1,no_error,722,0.02399444580078125,0.02399444580078125
722,La3 Sn1,no_error,723,0.14854306441086962,0.14854306441086962
723,Cs4 W1 O8,no_error,724,0.041290378570557174,0.041290378570557174
724,Mg1 Ag1 F3,No valid decomposition found for PDEntry : Yb2 Cu4 Ge4 with energy = -42.2514! (e_h: -0.491884834543864),725,0.0,-0.491884834543864
725,Yb2 Cu4 Ge4,No valid decomposition found for PDEntry : Pa13 Pt7 with energy = -175.7543! (e_h: -0.060337893168131984),726,0.0,-0.060337893168131984
726,Pa13 Pt7,No valid decomposition found for PDEntry : Ce1 Ge3 Pd1 with energy = -27.8636! (e_h: -0.027320251464842293),727,0.0,-0.027320251464842293
727,Ce1 Ge3 Pd1,no_error,728,0.05804801473811949,0.05804801473811949
728,Ho2 W2 O8,no_error,729,0.14025825262070057,0.14025825262070057
729,Tm2 Al1 Co8 B1,no_error,730,0.16615270165836193,0.16615270165836193
730,Co1 Ni6 Mo2 S8,no_error,731,0.009028434753417969,0.009028434753417969
731,Nd1 Lu1 Zn2,no_error,732,0.09018491128725614,0.09018491128725614
732,Th6 P7 Au3,No valid decomposition found for PDEntry : Yb2 Ag2 Pb2 with energy = -18.8149! (e_h: -0.47130793825785355),733,0.0,-0.47130793825785355
733,Yb2 Ag2 Pb2,No valid decomposition found for PDEntry : Mg1 Ag1 with energy = -4.8840! (e_h: -0.0033845901489257812),734,0.0,-0.0033845901489257812
734,Mg1 Ag1,no_error,735,0.04025330146153738,0.04025330146153738
735,Ca2 Zn1 Pb1,no_error,736,0.04327070713043213,0.04327070713043213
736,Rb5 Cu4 Cl9,no_error,737,0.19436893860499094,0.19436893860499094
737,Ni3 Sn4 I5,no_error,738,0.16532336748563203,0.16532336748563203
738,Ba2 In1 Pb3 O7,no_error,739,0.08885540281023196,0.08885540281023196
739,Ba2 Ag2 Sn2 S8,no_error,740,0.09846680624442072,0.09846680624442072
740,Ba4 Tb2 Hf1 Zr1 O11,no_error,741,0.13108015060424805,0.13108015060424805
741,Cr1 Ag1 Bi2 S4,no_error,742,0.11656915224515263,0.11656915224515263
742,La5 Al6 N2,no_error,743,0.22350724176927095,0.22350724176927095
743,La2 Zn1 Ru1,No valid decomposition found for PDEntry : Te2 Pt1 with energy = -14.4826! (e_h: -0.001468658447265625),744,0.0,-0.001468658447265625
744,Te2 Pt1,no_error,745,0.10909207661947384,0.10909207661947384
745,Tb1 Nb2 O6,no_error,746,0.0704567697313081,0.0704567697313081
746,Al4 Fe4 As4,no_error,747,0.047591235902574525,0.047591235902574525
747,Na4 Pd4 Pb4 Se6,no_error,748,0.03699970245358575,0.03699970245358575
748,Sr4 Mn4 O10,no_error,749,0.07547664642333629,0.07547664642333629
749,Pr5 Co3 O12,no_error,750,0.17738575239976306,0.17738575239976306
750,Ho2 Br1 O3,no_error,751,0.01654917001724243,0.01654917001724243
751,Sr1 Cu3 Se2 S2,no_error,752,0.010884249210355357,0.010884249210355357
752,Ca5 Ag3 As4,no_error,753,0.008445739746090197,0.008445739746090197
753,Sr3 W1 O6,no_error,754,0.05464458465576172,0.05464458465576172
754,Pm2 Se4,no_error,755,0.034703572591147314,0.034703572591147314
755,Ti2 Cu1 Au1,no_error,756,0.03940868377685458,0.03940868377685458
756,Na2 V2 S4,no_error,757,0.26657629013061523,0.26657629013061523
757,Nb4 Se8,no_error,758,0.13765909969806156,0.13765909969806156
758,Sr1 Li1 Nb2 Pb3 O9,no_error,759,0.36847774187723825,0.36847774187723825
759,Li3 Er4 N5,no_error,760,0.10210266794477452,0.10210266794477452
760,Sr2 Zn1 Ru1 O6,no_error,761,0.1315910816192627,0.1315910816192627
761,Nd4 Er4 S8,no_error,762,0.015444446379141219,0.015444446379141219
762,Nd1 Zn1 Ni1 Ge2,no_error,763,0.014907717704771173,0.014907717704771173
763,Gd3 P5 Se12,No valid decomposition found for PDEntry : Li1 Mn4 V1 O8 with energy = -117.8051! (e_h: -0.017530918121355654),764,0.0,-0.017530918121355654
764,Li1 Mn4 V1 O8,No valid decomposition found for PDEntry : Sc1 Rh1 with energy = -15.6709! (e_h: -0.002452373504638672),765,0.0,-0.002452373504638672
765,Sc1 Rh1,no_error,766,0.040093592235020736,0.040093592235020736
766,Eu4 Gd1 Se9,no_error,767,0.01190276940663626,0.01190276940663626
767,La2 In1 Ag3,no_error,768,0.08358029885725582,0.08358029885725582
768,Nb2 Br6 O3,No valid decomposition found for PDEntry : Ta4 Re2 Mo2 with energy = -96.3114! (e_h: -0.001201629638671875),769,0.0,-0.001201629638671875
769,Ta4 Re2 Mo2,no_error,770,0.12527285681830413,0.12527285681830413
770,Re5 O13,No valid decomposition found for PDEntry : Cd2 Hg6 with energy = -3.6009! (e_h: -0.0046362802386283875),771,0.0,-0.0046362802386283875
771,Cd2 Hg6,no_error,772,0.05339180628457818,0.05339180628457818
772,V4 Fe3 Bi1 O12,no_error,773,0.05663108825683594,0.05663108825683594
773,Si4 Pd4,No valid decomposition found for PDEntry : Rb2 Na1 Sb1 F6 with energy = -47.7444! (e_h: -0.00012683868408469579),774,0.0,-0.00012683868408469579
774,Rb2 Na1 Sb1 F6,no_error,775,0.0910445622035434,0.0910445622035434
775,Cd4 Hg3 Se2 S5,No valid decomposition found for PDEntry : Na2 Nb2 O6 with energy = -80.7264! (e_h: -0.004103660583496094),776,0.0,-0.004103660583496094
776,Na2 Nb2 O6,no_error,777,0.080233573913576,0.080233573913576
777,Ge2 Sb2 O8,No valid decomposition found for PDEntry : Zr6 Co1 Bi2 with energy = -69.4498! (e_h: -0.0018014907836922944),778,0.0,-0.0018014907836922944
778,Zr6 Co1 Bi2,no_error,779,0.26462453603744507,0.26462453603744507
779,Cs1 Rb1 Cl6,No valid decomposition found for PDEntry : Pm2 Zn2 with energy = -13.3248! (e_h: -0.12348429361979196),780,0.0,-0.12348429361979196
780,Pm2 Zn2,No valid decomposition found for PDEntry : Ba4 Se11 S3 with energy = -81.3205! (e_h: -0.04366419050428583),781,0.0,-0.04366419050428583
781,Ba4 Se11 S3,no_error,782,0.09894528755774878,0.09894528755774878
782,Mg1 Mn4 O8,No valid decomposition found for PDEntry : Ba2 Na1 W1 O6 with energy = -73.7713! (e_h: -0.02517766952514755),783,0.0,-0.02517766952514755
783,Ba2 Na1 W1 O6,no_error,784,0.5023335048130573,0.5023335048130573
784,Th2 Cu1 O4,No valid decomposition found for PDEntry : Y2 Cu1 Ru1 with energy = -27.6236! (e_h: -0.0021872520446777344),785,0.0,-0.0021872520446777344
785,Y2 Cu1 Ru1,No valid decomposition found for PDEntry : Lu2 Co4 with energy = -39.1067! (e_h: -9.346008300958886e-05),786,0.0,-9.346008300958886
786,Lu2 Co4,no_error,787,0.10033917427063077,0.10033917427063077
787,Sb4 Te3 Rh5,no_error,788,0.01843909025192403,0.01843909025192403
788,Cs2 Hg1 Sb1 I6,no_error,789,0.22163379192352295,0.22163379192352295
789,Al3 Zn3 Se8,no_error,790,0.09545501073201645,0.09545501073201645
790,Sr4 Os3 N11,no_error,791,0.027902285257975556,0.027902285257975556
791,Ti3 Ga3 Ru3,no_error,792,0.0028928756713888504,0.0028928756713888504
792,Ti8 N6 O2,no_error,793,0.029131036055713544,0.029131036055713544
793,La6 O6 F7,no_error,794,0.12003433704376043,0.12003433704376043
794,Dy2 Si3 Ni3,no_error,795,0.09943580627441406,0.09943580627441406
795,Zr1 Cd3 O6,no_error,796,0.012973785400388849,0.012973785400388849
796,Eu6 S8,No valid decomposition found for PDEntry : V2 Pt6 with energy = -58.0192! (e_h: -0.0011692047119140625),797,0.0,-0.0011692047119140625
797,V2 Pt6,no_error,798,0.08286204370511552,0.08286204370511552
798,La7 Ni2 Sn3 Pb2,no_error,799,0.028748920985631088,0.028748920985631088
799,Tm2 Ga10 Ni2,no_error,800,0.1637721598148385,0.1637721598148385
800,Ba3 Eu1 Gd2 Re2 O12,no_error,801,0.08088545118059542,0.08088545118059542
801,Mg2 Co2 Ni2 O8,no_error,802,0.07699575424194283,0.07699575424194283
802,Tb1 Ge1 Bi1,no_error,803,0.09346387865786365,0.09346387865786365
803,Sm2 Zn2 Pb2,no_error,804,0.20239285628000836,0.20239285628000836
804,Mn2 C3 O7,No valid decomposition found for PDEntry : Yb2 Mn4 Si4 with energy = -65.6197! (e_h: -0.09875847396850546),805,0.0,-0.09875847396850546
805,Yb2 Mn4 Si4,No valid decomposition found for PDEntry : Ne2 Tb9 Mg1 with energy = -44.8089! (e_h: -0.13438027631491378),806,0.0,-0.13438027631491378
806,Ne2 Tb9 Mg1,No valid decomposition found for PDEntry : Pm2 In2 Ag4 with energy = -29.2181! (e_h: -0.0035829544067382812),807,0.0,-0.0035829544067382812
807,Pm2 In2 Ag4,no_error,808,0.02698622187789601,0.02698622187789601
808,Mg5 Sn1,no_error,809,0.016606539487838745,0.016606539487838745
809,Bi5 Pt5 Pb10,no_error,810,0.2463226616382599,0.2463226616382599
810,Th1 F3,no_error,811,0.10309457778930664,0.10309457778930664
811,Zr4 Ge4 Pt4,no_error,812,0.16635334805438529,0.16635334805438529
812,Cr8 Te11,no_error,813,0.05065984725952166,0.05065984725952166
813,Pr4 Cu1 Ni5,no_error,814,0.45142461856206273,0.45142461856206273
814,Sr2 Cd2 Se2,no_error,815,0.16190802057584186,0.16190802057584186
815,Er4 Ge7 Ir5,no_error,816,0.30717589304997883,0.30717589304997883
816,Ba2 Tl1 In2 Bi1 O7,no_error,817,0.0666494369506836,0.0666494369506836
817,Tm3 Fe9,no_error,818,0.0019674301147460938,0.0019674301147460938
818,Pm2 Sm6,no_error,819,0.0973485310872384,0.0973485310872384
819,Fe5 B7 Mo6,No valid decomposition found for PDEntry : Sc2 P2 with energy = -29.2149! (e_h: -3.7670135498046875e-05),820,0.0,-3.7670135498046875
820,Sc2 P2,no_error,821,0.04162413102609097,0.04162413102609097
821,Ba7 Ge5,no_error,822,0.13807003838675325,0.13807003838675325
822,Na2 U1 Po1 I3 O5,no_error,823,0.0639292230344799,0.0639292230344799
823,Sr3 Cu2 W1 O8,no_error,824,0.009242057800292969,0.009242057800292969
824,Mg5 Hg1,no_error,825,0.10820276207393853,0.10820276207393853
825,Sr2 Cl4,No valid decomposition found for PDEntry : Pd2 O2 with energy = -23.4019! (e_h: -0.007503032684326172),826,0.0,-0.007503032684326172
826,Pr1 Co2 B2 C1,no_error,827,0.1355054060618075,0.1355054060618075
827,Pd2 O2,No valid decomposition found for PDEntry : Sm2 Eu2 S4 with energy = -65.0887! (e_h: -0.01720428466796875),828,0.0,-0.01720428466796875
828,Cr2 Au2 O8,no_error,829,0.038211822509765625,0.038211822509765625
829,Sm2 Eu2 S4,No valid decomposition found for PDEntry : In7 I9 with energy = -44.4480! (e_h: -0.04729056358337402),830,0.0,-0.04729056358337402
830,Ho4 Cu4 Si4,No valid decomposition found for PDEntry : Cs6 Rb2 with energy = -7.1807! (e_h: -0.0021639466285705566),831,0.0,-0.0021639466285705566
831,In7 I9,No valid decomposition found for PDEntry : Pr1 Ag2 Ge2 with energy = -21.7441! (e_h: -0.007027149200439453),832,0.0,-0.007027149200439453
832,Cs6 Rb2,no_error,833,0.026000499725332027,0.026000499725332027
833,Pr1 Ag2 Ge2,no_error,834,0.3434227764606481,0.3434227764606481
834,Tm8 Se12,no_error,835,0.47371905190604124,0.47371905190604124
835,K6 O5 F9,no_error,836,0.07745718955993652,0.07745718955993652
836,Np2 Ni1 O4,no_error,837,0.04478263854980291,0.04478263854980291
837,Sr1 Zn2 P2,no_error,838,0.11777393023173666,0.11777393023173666
838,Ce2 Si4 Ni2,no_error,839,0.09406757354736328,0.09406757354736328
839,Sr1 Mn4 Fe2 O11,no_error,840,0.06260547637939418,0.06260547637939418
840,V4 Ge4 O12,no_error,841,0.05477811444188507,0.05477811444188507
841,Pr4 I2 N1 F3,no_error,842,0.011801958084106445,0.011801958084106445
842,Li1 Mn2 Sb3 O11,No valid decomposition found for PDEntry : U1 Sb1 with energy = -16.0645! (e_h: -0.0013132095336914062),843,0.0,-0.0013132095336914062
843,Cs2 Pt1 Cl6,no_error,844,0.043530821800231934,0.043530821800231934
844,U1 Sb1,No valid decomposition found for PDEntry : Y2 Mg6 with energy = -23.0549! (e_h: -0.00021505355834960938),845,0.0,-0.00021505355834960938
845,K2 Ba6 In4,no_error,846,0.09521734714508057,0.09521734714508057
846,Y2 Mg6,no_error,847,0.2422901630401615,0.2422901630401615
847,Mg2 Cu1 Au1,No valid decomposition found for PDEntry : Dy2 Cu2 with energy = -18.3870! (e_h: -0.0027780532836914062),848,0.0,-0.0027780532836914062
848,Ho4 Si5 Ge1,No valid decomposition found for PDEntry : Mg3 Ni1 O4 with energy = -50.8249! (e_h: -0.0036580562591552734),849,0.0,-0.0036580562591552734
849,Dy2 Cu2,no_error,850,0.12008130550384521,0.12008130550384521
850,Mg3 Ni1 O4,no_error,851,0.044820104326520394,0.044820104326520394
851,Be8 Mo3 W1,no_error,852,0.2209058761596694,0.2209058761596694
852,Li6 Ti2 O6,no_error,853,0.030456066131591797,0.030456066131591797
853,Nb2 B8,no_error,854,0.06437400409153593,0.06437400409153593
854,Ni2 Pd6,no_error,855,0.14875760078430034,0.14875760078430034
855,Cs3 Fe2 Hg2 Se9,no_error,856,0.011105134373619485,0.011105134373619485
856,Sr2 In2 O6,no_error,857,0.35746331214904714,0.35746331214904714
857,Nd1 Ga11 Pd2,no_error,858,0.1769584369659416,0.1769584369659416
858,Nd7 Co3 C3 O7,no_error,859,0.9335361917813625,0.9335361917813625
859,La2 Al6 Ag2,no_error,860,0.06381046772003174,0.06381046772003174
860,Fe2 C5 N3 Cl5 O1,no_error,861,0.009105443954468662,0.009105443954468662
861,Nd3 Ag2 S7,no_error,862,0.08240604400634766,0.08240604400634766
862,Ti5 Pd7,no_error,863,0.0834193229675293,0.0834193229675293
863,Pa2 Mn24,no_error,864,0.09600973129272461,0.09600973129272461
864,Tb4 Mg2 Se8,no_error,865,0.029186367988586426,0.029186367988586426
865,Gd1 Al6 Fe6,no_error,866,0.1879530429840095,0.1879530429840095
866,Ge1 Te4 Pb3,no_error,867,0.001276254653930664,0.001276254653930664
867,U4 Re5 B11,No valid decomposition found for PDEntry : Sm4 Zn3 In3 with energy = -35.4874! (e_h: -0.011357736587524592),868,0.0,-0.011357736587524592
868,Sm1 Dy1 Zn2,no_error,869,0.03720223903656006,0.03720223903656006
869,Sm4 Zn3 In3,No valid decomposition found for PDEntry : Pm11 Zn3 Sb2 with energy = -70.0546! (e_h: -0.30227339267730713),870,0.0,-0.30227339267730713
870,Ce1 Tm3,no_error,871,0.17245594660441022,0.17245594660441022
871,Pm11 Zn3 Sb2,no_error,872,0.02861746152242084,0.02861746152242084
872,Th1 U2 S3,No valid decomposition found for PDEntry : Rb2 Ru4 S6 with energy = -74.8260! (e_h: -0.13115978240966797),873,0.0,-0.13115978240966797
873,In2 Ge2 Te5,no_error,874,0.04777079158359232,0.04777079158359232
874,Rb2 Ru4 S6,no_error,875,0.053287267684935635,0.053287267684935635
875,Tb1 Ge7 Ir1,no_error,876,0.049421143531798606,0.049421143531798606
876,Y2 Bi2 O6,No valid decomposition found for PDEntry : Mg1 Ta1 Ru2 with energy = -33.1411! (e_h: -0.002178192138671875),877,0.0,-0.002178192138671875
877,Zr2 Te2,no_error,878,0.10995495319366455,0.10995495319366455
878,Mg1 Ta1 Ru2,no_error,879,0.04759788513183594,0.04759788513183594
879,Ge3 W10 N3,No valid decomposition found for PDEntry : Li2 Sc2 S4 with energy = -48.9364! (e_h: -0.00019741058349609375),880,0.0,-0.00019741058349609375
880,Ga2 Rh6,No valid decomposition found for PDEntry : Gd4 with energy = -56.1884! (e_h: -0.0018815994262695312),881,0.0,-0.0018815994262695312
881,Li2 Sc2 S4,no_error,882,0.17413827578226648,0.17413827578226648
882,Gd4,no_error,883,0.23725965287950324,0.23725965287950324
883,Zr9 Si3 Te6,no_error,884,0.5075849294662493,0.5075849294662493
884,Lu4 Zn6 S8,No valid decomposition found for PDEntry : Er4 Ru2 Pt2 with energy = -55.5941! (e_h: -0.005549430847167969),885,0.0,-0.005549430847167969
885,Mg1 Al1 Cr4 S8,no_error,886,0.22443370819091601,0.22443370819091601
886,Er4 Ru2 Pt2,no_error,887,0.15144255638122317,0.15144255638122317
887,Cs1 Ba2 Sb1 O6,no_error,888,0.27950939536094666,0.27950939536094666
888,Mn2 B6 W2,no_error,889,0.020219244455036645,0.020219244455036645
889,Mg1 I1,no_error,890,0.008636236190795454,0.008636236190795454
890,Li4 Mn1 Co3 O8,No valid decomposition found for PDEntry : Ac4 Br10 with energy = -66.5039! (e_h: -0.04169591267903705),891,0.0,-0.04169591267903705
891,Mg4 Ga2,No valid decomposition found for PDEntry : Rb5 Hg4 Cl11 with energy = -58.1612! (e_h: -0.02863831996917643),892,0.0,-0.02863831996917643
892,Ac4 Br10,No valid decomposition found for PDEntry : Ho1 Tl1 F4 with energy = -36.4085! (e_h: -0.0371088981628418),893,0.0,-0.0371088981628418
893,Rb5 Hg4 Cl11,no_error,894,0.0856074333190957,0.0856074333190957
894,Ho1 Tl1 F4,no_error,895,0.06602271397908499,0.06602271397908499
895,Tb2 Hf3 Ta2 Te13,No valid decomposition found for PDEntry : Rb2 Tc1 F6 with energy = -49.0362! (e_h: -0.2753425704108352),896,0.0,-0.2753425704108352
896,Sn2 Sb2 Te2,no_error,897,0.17177659935422795,0.17177659935422795
897,Rb2 Tc1 F6,No valid decomposition found for PDEntry : Tm2 Si4 Ir4 with energy = -76.5993! (e_h: -0.14884185791015536),898,0.0,-0.14884185791015536
898,Na1 Cu2 W3 O10 F2,no_error,899,0.023730278015138495,0.023730278015138495
899,Tm2 Si4 Ir4,no_error,900,0.082139576382108,0.082139576382108
900,K1 Cu3 O2,no_error,901,0.06312075853346855,0.06312075853346855
901,La2 As2 Se2,no_error,902,0.3588287353515627,0.3588287353515627
902,Ca4 Mn3 Fe1 O12,no_error,903,0.02036399841308789,0.02036399841308789
903,Rb2 Na1 Nd1 I6,no_error,904,0.19225676854451645,0.19225676854451645
904,Cs2 Li1 Fe1 F6,no_error,905,0.016806920369468514,0.016806920369468514
905,Ba1 Li2 Pr3 Cr1 O11,No valid decomposition found for PDEntry : Li1 Ni3 with energy = -19.2572! (e_h: -0.004272937774658203),906,0.0,-0.004272937774658203
906,Li3 Eu4 Ga5,no_error,907,0.0232062339782928,0.0232062339782928
907,Li1 Ni3,no_error,908,0.37635505199432373,0.37635505199432373
908,Li4 Mn3 F13,No valid decomposition found for PDEntry : Gd2 Ge4 Au2 with energy = -57.7073! (e_h: -0.10920369625091553),909,0.0,-0.10920369625091553
909,Ta2 Bi2 Pd2,no_error,910,0.42333829402923584,0.42333829402923584
910,Gd2 Ge4 Au2,no_error,911,0.10874104499816939,0.10874104499816939
911,Mo3 W1 Se2 S6,no_error,912,0.022045433521270752,0.022045433521270752
912,Mg4 Ge2,No valid decomposition found for PDEntry : Ce1 Al1 Ga3 with energy = -21.0740! (e_h: -0.014151819547016942),913,0.0,-0.014151819547016942
913,Hf3 Ga5,no_error,914,0.16444996595382655,0.16444996595382655
914,Ce1 Al1 Ga3,no_error,915,0.051466186841327755,0.051466186841327755
915,Sm3 Tm3 Pt2 O12,no_error,916,0.04190046647015855,0.04190046647015855
916,Na3 Al3 H10,no_error,917,0.12774944305419922,0.12774944305419922
917,Nb4 Ge7 Pt6,no_error,918,0.17052100896835043,0.17052100896835043
918,Ca1 Zr1 N2,no_error,919,0.5066671371459979,0.5066671371459979
919,La3 Co2 Ru3 O12,no_error,920,0.15221539139747708,0.15221539139747708
920,Hf2 Pt6,No valid decomposition found for PDEntry : Yb1 Mg1 Zn2 with energy = -6.7652! (e_h: -0.2059055156707763),921,0.0,-0.2059055156707763
921,Ho4 H3 F13,No valid decomposition found for PDEntry : La2 Hg6 with energy = -15.0681! (e_h: -0.0022308826446537644),922,0.0,-0.0022308826446537644
922,Yb1 Mg1 Zn2,no_error,923,0.12801045637864483,0.12801045637864483
923,La2 Hg6,no_error,924,0.016472530364990412,0.016472530364990412
924,B14 Mo12,no_error,925,0.20816377357200366,0.20816377357200366
925,Dy2 Si1 Ge3,no_error,926,0.06949377059936523,0.06949377059936523
926,Tb10 Al4 Si4,no_error,927,0.1497354507446289,0.1497354507446289
927,Y3 Ag3 Ge3,no_error,928,0.004967013994852554,0.004967013994852554
928,Sr2 Co1 O4,no_error,929,0.0028972625732421875,0.0028972625732421875
929,Pr1 Al9 Ag2,no_error,930,0.1350608825683599,0.1350608825683599
930,U4 Pt8,no_error,931,0.0805593729019165,0.0805593729019165
931,Rb3 La1 Th2 Os2 O12,No valid decomposition found for PDEntry : Yb2 Cr1 O6 with energy = -62.7351! (e_h: -1.6025484780205623),932,0.0,-1.6025484780205623
932,Sr1 Ca1 La1 Nb1 O6,No valid decomposition found for PDEntry : Al1 Ni5 with energy = -34.3018! (e_h: -0.005048592885335879),933,0.0,-0.005048592885335879
933,Yb2 Cr1 O6,no_error,934,0.770647335052491,0.770647335052491
934,Al1 Ni5,no_error,935,0.16007137298583984,0.16007137298583984
935,Er4 S2 N4,no_error,936,0.11749687648954765,0.11749687648954765
936,Rb2 Mn4 B2 O8,no_error,937,0.4707399010658264,0.4707399010658264
937,Ho4 Mn4 Si4,no_error,938,0.05244321823122622,0.05244321823122622
938,K1 Li1 Tb1 Mg1,No valid decomposition found for PDEntry : Sm3 Ga4 Rh2 with energy = -47.9379! (e_h: -0.08540333641899966),939,0.0,-0.08540333641899966
939,Li6 Mn4 O10,no_error,940,0.1449980338414507,0.1449980338414507
940,Sm3 Ga4 Rh2,no_error,941,0.4085007995367054,0.4085007995367054
941,Nb1 In1 Ag1 P1 O8,No valid decomposition found for PDEntry : Ce1 Ga3 Cu1 with energy = -21.4430! (e_h: -0.003872394561767578),942,0.0,-0.003872394561767578
942,K1 Sr1 Hf1 Mn1 O6,no_error,943,0.20389038721720087,0.20389038721720087
943,Ce1 Ga3 Cu1,no_error,944,0.07077132331000335,0.07077132331000335
944,K3 Cr1 S2 O9,no_error,945,0.0497584342956543,0.0497584342956543
945,Sc2 W1 O6,no_error,946,0.025682449340818536,0.025682449340818536
946,Mn2 Cr2 Ni4,no_error,947,0.016607284545898438,0.016607284545898438
947,Mn6 O4 F8,no_error,948,0.1695583264032967,0.1695583264032967
948,Sc2 Ge2 Ru2,no_error,949,0.011867920557658174,0.011867920557658174
949,Lu1 Cr3 Cu1 Ag1 S8,No valid decomposition found for PDEntry : Pd2 F12 with energy = -49.5419! (e_h: -0.09357796396528029),950,0.0,-0.09357796396528029
950,Tm1 Zn2 In1,no_error,951,0.01318235695362091,0.01318235695362091
951,Pd2 F12,no_error,952,0.11310529708862305,0.11310529708862305
952,Li2 V2 Se4,no_error,953,0.03869997660319058,0.03869997660319058
953,Ca2 Zn2 Ge2,no_error,954,0.0014581680297851562,0.0014581680297851562
954,Ca2 Cr2 F11,no_error,955,0.17533385753631503,0.17533385753631503
955,Ca1 Sm1 Ag2,No valid decomposition found for PDEntry : Ho1 Co2 Si2 with energy = -33.5542! (e_h: -0.0034766197204589844),956,0.0,-0.0034766197204589844
956,Tb3 Co2 C3,no_error,957,0.08744812673992541,0.08744812673992541
957,Ho1 Co2 Si2,no_error,958,0.09621423482894897,0.09621423482894897
958,Ca5 Zr4 H1 N8,no_error,959,0.3051114082336426,0.3051114082336426
959,Sn10 Mo6,no_error,960,1.5020370483398438e-05,1.5020370483398438e-05
960,Ga1,No valid decomposition found for PDEntry : Fe4 O4 with energy = -64.8831! (e_h: -7.43865966796875e-05),961,0.0,-7.43865966796875
961,Cs1 Pd1 Br3,No valid decomposition found for PDEntry : Rb9 S3 with energy = -31.7236! (e_h: -0.011577486991882324),962,0.0,-0.011577486991882324
962,Fe4 O4,no_error,963,0.20476164420445642,0.20476164420445642
963,Rb9 S3,no_error,964,0.07028527693315212,0.07028527693315212
964,Tl3 Cr2 Cu1 O6,no_error,965,0.047711133956910956,0.047711133956910956
965,Li2 Mg1 Si2 O6,No valid decomposition found for PDEntry : Rb2 Li1 Ga1 F6 with energy = -49.9213! (e_h: -0.057412147521972656),966,0.0,-0.057412147521972656
966,Li2 Cr2 Co2 O8,no_error,967,0.014337778091430664,0.014337778091430664
967,Rb2 Li1 Ga1 F6,No valid decomposition found for PDEntry : Zr1 Cl2 with energy = -18.3828! (e_h: -0.005787372589112216),968,0.0,-0.005787372589112216
968,Mn2 Cu2 Te4,no_error,969,0.1252484321594225,0.1252484321594225
969,Zr1 Cl2,no_error,970,0.6216351721021858,0.6216351721021858
970,Sm2 Al4 Zn2 Cu2,no_error,971,0.7200553894042949,0.7200553894042949
971,Cs2 Ru1 Cl6,no_error,972,0.04535961151123047,0.04535961151123047
972,Ba1 Sr1 In1 W1 O6,no_error,973,0.14643565346212917,0.14643565346212917
973,V2 O2 F6,no_error,974,0.07668876647949219,0.07668876647949219
974,K1 Li1 Si2 H1 Se2 O10,no_error,975,0.19514131546020508,0.19514131546020508
975,Cs3 Ca3 Al2 H10,no_error,976,0.2093300929436328,0.2093300929436328
976,Lu4 O4 F4,no_error,977,0.07109642028808594,0.07109642028808594
977,Al3 B3 C2 O12,no_error,978,0.059519290924072266,0.059519290924072266
978,Hf4 U4 P8,no_error,979,0.005390644073486328,0.005390644073486328
979,K3 Tm1 Cl6,no_error,980,0.06625592708587646,0.06625592708587646
980,Pm3 Sn1,No valid decomposition found for PDEntry : Ho2 Ag6 with energy = -28.3006! (e_h: -0.022447671579277184),981,0.0,-0.022447671579277184
981,Ce1 Sm3,no_error,982,1.039371189616979,1.039371189616979
982,Ho2 Ag6,no_error,983,0.07434596618016887,0.07434596618016887
983,Cs2 Y1 Sc1 C5 N5,No valid decomposition found for PDEntry : Nb4 Mo4 W4 with energy = -135.1669! (e_h: -0.0018246968587263268),984,0.0,-0.0018246968587263268
984,Ba2 Er1 Co1 Cu2 O7,no_error,985,0.19043207168579102,0.19043207168579102
985,Nb4 Mo4 W4,No valid decomposition found for PDEntry : Ce1 Cu2 Si2 with energy = -27.5731! (e_h: -0.0004253387451171875),986,0.0,-0.0004253387451171875
986,Y6 C3 I6,no_error,987,0.1397884488105774,0.1397884488105774
987,Ce1 Cu2 Si2,no_error,988,0.18025262015206067,0.18025262015206067
988,Sn2 Ir2 O12,no_error,989,0.3045549392700213,0.3045549392700213
989,Li6 Fe6 O16,no_error,990,0.027791202068325305,0.027791202068325305
990,Np2 Mn4 Si2,no_error,991,0.0394587516784668,0.0394587516784668
991,Li4 Ti1 Co3 O8,no_error,992,0.053719043731688565,0.053719043731688565
992,Mg1 Ag5,no_error,993,0.08504229784011752,0.08504229784011752
993,Ce3 Ge3 Pd4,no_error,994,0.06780624389648082,0.06780624389648082
994,Ca2 Ga2 Si1 Ni1,no_error,995,0.01887083053588956,0.01887083053588956
995,Gd4 Al6 Pd2,no_error,996,0.10140475901691559,0.10140475901691559
996,Eu8 Mg4,No valid decomposition found for PDEntry : Ba2 Li1 W1 O6 with energy = -74.9065! (e_h: -0.023285627365112305),997,0.0,-0.023285627365112305
